"","age_group","estimate","prior_inf","month_input","months","ve_pred"
"1","18-49 years","lower",0,-0.693147180559945,0.5,0.392736421853313
"2","18-49 years","lower",1,-0.693147180559945,0.5,0.57101823450522
"3","18-49 years","mean",0,-0.693147180559945,0.5,0.461238731557309
"4","18-49 years","mean",1,-0.693147180559945,0.5,0.606932756449087
"5","18-49 years","upper",0,-0.693147180559945,0.5,0.528888985807965
"6","18-49 years","upper",1,-0.693147180559945,0.5,0.642400561130301
"7","50-64 years","lower",0,-0.693147180559945,0.5,0.414128052970684
"8","50-64 years","lower",1,-0.693147180559945,0.5,0.582233479779426
"9","50-64 years","mean",0,-0.693147180559945,0.5,0.47872022779145
"10","50-64 years","mean",1,-0.693147180559945,0.5,0.616097988728489
"11","50-64 years","upper",0,-0.693147180559945,0.5,0.542508982770797
"12","50-64 years","upper",1,-0.693147180559945,0.5,0.649541279186534
"13","18-49 years","lower",0,0,1,0.263761575348156
"14","18-49 years","lower",1,0,1,0.502209760093418
"15","18-49 years","mean",0,0,1,0.355381977658447
"16","18-49 years","mean",1,0,1,0.550244679842802
"17","18-49 years","upper",0,0,1,0.445862773672789
"18","18-49 years","upper",1,0,1,0.597682124623822
"19","50-64 years","lower",0,0,1,0.292372433252303
"20","50-64 years","lower",1,0,1,0.517209915394333
"21","50-64 years","mean",0,0,1,0.378763112176081
"22","50-64 years","mean",1,0,1,0.562502985764669
"23","50-64 years","upper",0,0,1,0.464079233914666
"24","50-64 years","upper",1,0,1,0.607232685238836
"25","18-49 years","lower",0,0.693147180559945,2,0.089604121110392
"26","18-49 years","lower",1,0.693147180559945,2,0.408523566468088
"27","18-49 years","mean",0,0.693147180559945,2,0.212144487351647
"28","18-49 years","mean",1,0.693147180559945,2,0.472769264042347
"29","18-49 years","upper",0,0.693147180559945,2,0.333160654076692
"30","18-49 years","upper",1,0.693147180559945,2,0.536215851379179
"31","50-64 years","lower",0,0.693147180559945,2,0.127870543409837
"32","50-64 years","lower",1,0.693147180559945,2,0.428585959536662
"33","50-64 years","mean",0,0.693147180559945,2,0.243416264321406
"34","50-64 years","mean",1,0.693147180559945,2,0.48916449108005
"35","50-64 years","upper",0,0.693147180559945,2,0.357524787537915
"36","50-64 years","upper",1,0.693147180559945,2,0.548989525867199
"37","18-49 years","lower",0,1.09861228866811,3,0
"38","18-49 years","lower",1,1.09861228866811,3,0.338351945490703
"39","18-49 years","mean",0,1.09861228866811,3,0.105559776644584
"40","18-49 years","mean",1,1.09861228866811,3,0.414510237629732
"41","18-49 years","upper",0,1.09861228866811,3,0.249015057340053
"42","18-49 years","upper",1,1.09861228866811,3,0.489721246554304
"43","50-64 years","lower",0,1.09861228866811,3,0.005659551652706
"44","50-64 years","lower",1,1.09861228866811,3,0.362134356609493
"45","50-64 years","mean",0,1.09861228866811,3,0.142630043076304
"46","50-64 years","mean",1,1.09861228866811,3,0.433945507812298
"47","50-64 years","upper",0,1.09861228866811,3,0.27789684808891
"48","50-64 years","upper",1,1.09861228866811,3,0.50486344704521
"49","18-49 years","lower",0,1.38629436111989,4,0
"50","18-49 years","lower",1,1.38629436111989,4,0.279907642794392
"51","18-49 years","mean",0,1.38629436111989,4,0.017254743764868
"52","18-49 years","mean",1,1.38629436111989,4,0.365834915668747
"53","18-49 years","upper",0,1.38629436111989,4,0.179111328299142
"54","18-49 years","upper",1,1.38629436111989,4,0.450693395362848
"55","50-64 years","lower",0,1.38629436111989,4,0
"56","50-64 years","lower",1,1.38629436111989,4,0.306740672690648
"57","50-64 years","mean",0,1.38629436111989,4,0.059080089498573
"58","50-64 years","mean",1,1.38629436111989,4,0.387763187921958
"59","50-64 years","upper",0,1.38629436111989,4,0.211697845736359
"60","50-64 years","upper",1,1.38629436111989,4,0.467777917047303
"61","18-49 years","lower",0,1.6094379124341,5,0
"62","18-49 years","lower",1,1.6094379124341,5,0.228775613057445
"63","18-49 years","mean",0,1.6094379124341,5,0
"64","18-49 years","mean",1,1.6094379124341,5,0.323135270433896
"65","18-49 years","upper",0,1.6094379124341,5,0.118087755961268
"66","18-49 years","upper",1,1.6094379124341,5,0.416321249711166
"67","50-64 years","lower",0,1.6094379124341,5,0
"68","50-64 years","lower",1,1.6094379124341,5,0.258241874730675
"69","50-64 years","mean",0,1.6094379124341,5,0
"70","50-64 years","mean",1,1.6094379124341,5,0.347215451119905
"71","50-64 years","upper",0,1.6094379124341,5,0.153872117754801
"72","50-64 years","upper",1,1.6094379124341,5,0.435082343350701
"73","18-49 years","lower",0,1.79175946922805,6,0
"74","18-49 years","lower",1,1.79175946922805,6,0.182741966790718
"75","18-49 years","mean",0,1.79175946922805,6,0
"76","18-49 years","mean",1,1.79175946922805,6,0.284602085014374
"77","18-49 years","upper",0,1.79175946922805,6,0.06325575283851
"78","18-49 years","upper",1,1.79175946922805,6,0.385195231809105
"79","50-64 years","lower",0,1.79175946922805,6,0
"80","50-64 years","lower",1,1.79175946922805,6,0.21455044279726
"81","50-64 years","mean",0,1.79175946922805,6,0
"82","50-64 years","mean",1,1.79175946922805,6,0.310596351205256
"83","50-64 years","upper",0,1.79175946922805,6,0.101884542134612
"84","50-64 years","upper",1,1.79175946922805,6,0.40544760733972
"85","18-49 years","lower",0,1.94591014905531,7,0
"86","18-49 years","lower",1,1.94591014905531,7,0.140514036371611
"87","18-49 years","mean",0,1.94591014905531,7,0
"88","18-49 years","mean",1,1.94591014905531,7,0.249178976002459
"89","18-49 years","upper",0,1.94591014905531,7,0.013045479960493
"90","18-49 years","upper",1,1.94591014905531,7,0.356492303478922
"91","50-64 years","lower",0,1.94591014905531,7,0
"92","50-64 years","lower",1,1.94591014905531,7,0.174447495170576
"93","50-64 years","mean",0,1.94591014905531,7,0
"94","50-64 years","mean",1,1.94591014905531,7,0.276909803490586
"95","50-64 years","upper",0,1.94591014905531,7,0.054254886841966
"96","50-64 years","upper",1,1.94591014905531,7,0.378097650132688
"97","18-49 years","lower",0,2.07944154167984,8,0
"98","18-49 years","lower",1,2.07944154167984,8,0.101261332993294
"99","18-49 years","mean",0,2.07944154167984,8,0
"100","18-49 years","mean",1,2.07944154167984,8,0.216187258034262
"101","18-49 years","upper",0,2.07944154167984,8,0
"102","18-49 years","upper",1,2.07944154167984,8,0.32968369461587
"103","50-64 years","lower",0,2.07944154167984,8,0
"104","50-64 years","lower",1,2.07944154167984,8,0.137149947624278
"105","50-64 years","mean",0,2.07944154167984,8,0
"106","50-64 years","mean",1,2.07944154167984,8,0.245515862200897
"107","50-64 years","upper",0,2.07944154167984,8,0.010032160211172
"108","50-64 years","upper",1,2.07944154167984,8,0.352533884000321
"109","18-49 years","lower",0,2.19722457733622,9,0
"110","18-49 years","lower",1,2.19722457733622,9,0.064413817696986
"111","18-49 years","mean",0,2.19722457733622,9,0
"112","18-49 years","mean",1,2.19722457733622,9,0.185161088469893
"113","18-49 years","upper",0,2.19722457733622,9,0
"114","18-49 years","upper",1,2.19722457733622,9,0.304406462869048
"115","50-64 years","lower",0,2.19722457733622,9,0
"116","50-64 years","lower",1,2.19722457733622,9,0.102120299215122
"117","50-64 years","mean",0,2.19722457733622,9,0
"118","50-64 years","mean",1,2.19722457733622,9,0.215975275150902
"119","50-64 years","upper",0,2.19722457733622,9,0
"120","50-64 years","upper",1,2.19722457733622,9,0.328414083463208
"121","18-49 years","lower",0,2.30258509299405,10,0
"122","18-49 years","lower",1,2.30258509299405,10,0.02956071089525
"123","18-49 years","mean",0,2.30258509299405,10,0
"124","18-49 years","mean",1,2.30258509299405,10,0.155764773328308
"125","18-49 years","upper",0,2.30258509299405,10,0
"126","18-49 years","upper",1,2.30258509299405,10,0.280399065923027
"127","50-64 years","lower",0,2.30258509299405,10,0
"128","50-64 years","lower",1,2.30258509299405,10,0.068971217792716
"129","50-64 years","mean",0,2.30258509299405,10,0
"130","50-64 years","mean",1,2.30258509299405,10,0.187971509884929
"131","50-64 years","upper",0,2.30258509299405,10,0
"132","50-64 years","upper",1,2.30258509299405,10,0.305491635129274
"133","18-49 years","lower",0,2.39789527279837,11,0
"134","18-49 years","lower",1,2.39789527279837,11,0
"135","18-49 years","mean",0,2.39789527279837,11,0
"136","18-49 years","mean",1,2.39789527279837,11,0.127747192787308
"137","18-49 years","upper",0,2.39789527279837,11,0
"138","18-49 years","upper",1,2.39789527279837,11,0.257465853979309
"139","50-64 years","lower",0,2.39789527279837,11,0
"140","50-64 years","lower",1,2.39789527279837,11,0.037412954996259
"141","50-64 years","mean",0,2.39789527279837,11,0
"142","50-64 years","mean",1,2.39789527279837,11,0.16126778058471
"143","50-64 years","upper",0,2.39789527279837,11,0
"144","50-64 years","upper",1,2.39789527279837,11,0.283582056956336
"145","18-49 years","lower",0,2.484906649788,12,0
"146","18-49 years","lower",1,2.484906649788,12,0
"147","18-49 years","mean",0,2.484906649788,12,0
"148","18-49 years","mean",1,2.484906649788,12,0.100914841228821
"149","18-49 years","upper",0,2.484906649788,12,0
"150","18-49 years","upper",1,2.484906649788,12,0.235456065003846
"151","50-64 years","lower",0,2.484906649788,12,0
"152","50-64 years","lower",1,2.484906649788,12,0.00722223918135799
"153","50-64 years","mean",0,2.484906649788,12,0
"154","50-64 years","mean",1,2.484906649788,12,0.135681626997951
"155","50-64 years","upper",0,2.484906649788,12,0
"156","50-64 years","upper",1,2.484906649788,12,0.262543192457972
"157","18-49 years","lower",0,2.56494935746154,13,0
"158","18-49 years","lower",1,2.56494935746154,13,0
"159","18-49 years","mean",0,2.56494935746154,13,0
"160","18-49 years","mean",1,2.56494935746154,13,0.075114970733815
"161","18-49 years","upper",0,2.56494935746154,13,0
"162","18-49 years","upper",1,2.56494935746154,13,0.214250691666522
"163","50-64 years","lower",0,2.56494935746154,13,0
"164","50-64 years","lower",1,2.56494935746154,13,0
"165","50-64 years","mean",0,2.56494935746154,13,0
"166","50-64 years","mean",1,2.56494935746154,13,0.111069020108225
"167","50-64 years","upper",0,2.56494935746154,13,0
"168","50-64 years","upper",1,2.56494935746154,13,0.242262827282501
"169","18-49 years","lower",0,2.63905732961526,14,0
"170","18-49 years","lower",1,2.63905732961526,14,0
"171","18-49 years","mean",0,2.63905732961526,14,0
"172","18-49 years","mean",1,2.63905732961526,14,0.050224571086895
"173","18-49 years","upper",0,2.63905732961526,14,0
"174","18-49 years","upper",1,2.63905732961526,14,0.193753895559819
"175","50-64 years","lower",0,2.63905732961526,14,0
"176","50-64 years","lower",1,2.63905732961526,14,0
"177","50-64 years","mean",0,2.63905732961526,14,0
"178","50-64 years","mean",1,2.63905732961526,14,0.087313971164616
"179","50-64 years","upper",0,2.63905732961526,14,0
"180","50-64 years","upper",1,2.63905732961526,14,0.222650593510952
"181","18-49 years","lower",0,2.70805020110221,15,0
"182","18-49 years","lower",1,2.70805020110221,15,0
"183","18-49 years","mean",0,2.70805020110221,15,0
"184","18-49 years","mean",1,2.70805020110221,15,0.026142895937493
"185","18-49 years","upper",0,2.70805020110221,15,0
"186","18-49 years","upper",1,2.70805020110221,15,0.173887184261215
"187","50-64 years","lower",0,2.70805020110221,15,0
"188","50-64 years","lower",1,2.70805020110221,15,0
"189","50-64 years","mean",0,2.70805020110221,15,0
"190","50-64 years","mean",1,2.70805020110221,15,0.064321484452138
"191","50-64 years","upper",0,2.70805020110221,15,0
"192","50-64 years","upper",1,2.70805020110221,15,0.203632479094683
"193","18-49 years","lower",0,2.77258872223978,16,0
"194","18-49 years","lower",1,2.77258872223978,16,0
"195","18-49 years","mean",0,2.77258872223978,16,0
"196","18-49 years","mean",1,2.77258872223978,16,0.00278623546457299
"197","18-49 years","upper",0,2.77258872223978,16,0
"198","18-49 years","upper",1,2.77258872223978,16,0.154585338667436
"199","50-64 years","lower",0,2.77258872223978,16,0
"200","50-64 years","lower",1,2.77258872223978,16,0
"201","50-64 years","mean",0,2.77258872223978,16,0
"202","50-64 years","mean",1,2.77258872223978,16,0.042012628334501
"203","50-64 years","upper",0,2.77258872223978,16,0
"204","50-64 years","upper",1,2.77258872223978,16,0.185146987658778
"205","18-49 years","lower",0,2.83321334405622,17,0
"206","18-49 years","lower",1,2.83321334405622,17,0
"207","18-49 years","mean",0,2.83321334405622,17,0
"208","18-49 years","mean",1,2.83321334405622,17,0
"209","18-49 years","upper",0,2.83321334405622,17,0
"210","18-49 years","upper",1,2.83321334405622,17,0.135793488846425
"211","50-64 years","lower",0,2.83321334405622,17,0
"212","50-64 years","lower",1,2.83321334405622,17,0
"213","50-64 years","mean",0,2.83321334405622,17,0
"214","50-64 years","mean",1,2.83321334405622,17,0.020320996294243
"215","50-64 years","upper",0,2.83321334405622,17,0
"216","50-64 years","upper",1,2.83321334405622,17,0.16714238126536
"217","18-49 years","lower",0,2.89037175789616,18,0
"218","18-49 years","lower",1,2.89037175789616,18,0
"219","18-49 years","mean",0,2.89037175789616,18,0
"220","18-49 years","mean",1,2.89037175789616,18,0
"221","18-49 years","upper",0,2.89037175789616,18,0
"222","18-49 years","upper",1,2.89037175789616,18,0.117464966545525
"223","50-64 years","lower",0,2.89037175789616,18,0
"224","50-64 years","lower",1,2.89037175789616,18,0
"225","50-64 years","mean",0,2.89037175789616,18,0
"226","50-64 years","mean",1,2.89037175789616,18,0
"227","50-64 years","upper",0,2.89037175789616,18,0
"228","50-64 years","upper",1,2.89037175789616,18,0.149574655501334
"229","18-49 years","lower",0,2.94443897916644,19,0
"230","18-49 years","lower",1,2.94443897916644,19,0
"231","18-49 years","mean",0,2.94443897916644,19,0
"232","18-49 years","mean",1,2.94443897916644,19,0
"233","18-49 years","upper",0,2.94443897916644,19,0
"234","18-49 years","upper",1,2.94443897916644,19,0.099559696730739
"235","50-64 years","lower",0,2.94443897916644,19,0
"236","50-64 years","lower",1,2.94443897916644,19,0
"237","50-64 years","mean",0,2.94443897916644,19,0
"238","50-64 years","mean",1,2.94443897916644,19,0
"239","50-64 years","upper",0,2.94443897916644,19,0
"240","50-64 years","upper",1,2.94443897916644,19,0.132406022829126
"241","18-49 years","lower",0,2.99573227355399,20,0
"242","18-49 years","lower",1,2.99573227355399,20,0
"243","18-49 years","mean",0,2.99573227355399,20,0
"244","18-49 years","mean",1,2.99573227355399,20,0
"245","18-49 years","upper",0,2.99573227355399,20,0
"246","18-49 years","upper",1,2.99573227355399,20,0.082042971833363
"247","50-64 years","lower",0,2.99573227355399,20,0
"248","50-64 years","lower",1,2.99573227355399,20,0
"249","50-64 years","mean",0,2.99573227355399,20,0
"250","50-64 years","mean",1,2.99573227355399,20,0
"251","50-64 years","upper",0,2.99573227355399,20,0
"252","50-64 years","upper",1,2.99573227355399,20,0.115603756799728
"253","18-49 years","lower",0,3.04452243772342,21,0
"254","18-49 years","lower",1,3.04452243772342,21,0
"255","18-49 years","mean",0,3.04452243772342,21,0
"256","18-49 years","mean",1,3.04452243772342,21,0
"257","18-49 years","upper",0,3.04452243772342,21,0
"258","18-49 years","upper",1,3.04452243772342,21,0.064884503213041
"259","50-64 years","lower",0,3.04452243772342,21,0
"260","50-64 years","lower",1,3.04452243772342,21,0
"261","50-64 years","mean",0,3.04452243772342,21,0
"262","50-64 years","mean",1,3.04452243772342,21,0
"263","50-64 years","upper",0,3.04452243772342,21,0
"264","50-64 years","upper",1,3.04452243772342,21,0.099139297658567
"265","18-49 years","lower",0,3.09104245335832,22,0
"266","18-49 years","lower",1,3.09104245335832,22,0
"267","18-49 years","mean",0,3.09104245335832,22,0
"268","18-49 years","mean",1,3.09104245335832,22,0
"269","18-49 years","upper",0,3.09104245335832,22,0
"270","18-49 years","upper",1,3.09104245335832,22,0.048057677029451
"271","50-64 years","lower",0,3.09104245335832,22,0
"272","50-64 years","lower",1,3.09104245335832,22,0
"273","50-64 years","mean",0,3.09104245335832,22,0
"274","50-64 years","mean",1,3.09104245335832,22,0
"275","50-64 years","upper",0,3.09104245335832,22,0
"276","50-64 years","upper",1,3.09104245335832,22,0.082987550692279
"277","18-49 years","lower",0,3.13549421592915,23,0
"278","18-49 years","lower",1,3.13549421592915,23,0
"279","18-49 years","mean",0,3.13549421592915,23,0
"280","18-49 years","mean",1,3.13549421592915,23,0
"281","18-49 years","upper",0,3.13549421592915,23,0
"282","18-49 years","upper",1,3.13549421592915,23,0.031538963255156
"283","50-64 years","lower",0,3.13549421592915,23,0
"284","50-64 years","lower",1,3.13549421592915,23,0
"285","50-64 years","mean",0,3.13549421592915,23,0
"286","50-64 years","mean",1,3.13549421592915,23,0
"287","50-64 years","upper",0,3.13549421592915,23,0
"288","50-64 years","upper",1,3.13549421592915,23,0.06712632897531
"289","18-49 years","lower",0,3.17805383034795,24,0
"290","18-49 years","lower",1,3.17805383034795,24,0
"291","18-49 years","mean",0,3.17805383034795,24,0
"292","18-49 years","mean",1,3.17805383034795,24,0
"293","18-49 years","upper",0,3.17805383034795,24,0
"294","18-49 years","upper",1,3.17805383034795,24,0.015307441075669
"295","50-64 years","lower",0,3.17805383034795,24,0
"296","50-64 years","lower",1,3.17805383034795,24,0
"297","50-64 years","mean",0,3.17805383034795,24,0
"298","50-64 years","mean",1,3.17805383034795,24,0
"299","50-64 years","upper",0,3.17805383034795,24,0
"300","50-64 years","upper",1,3.17805383034795,24,0.0515359058603
"301","65-74 years","lower",0,-0.693147180559945,0.5,0.481284272953138
"302","65-74 years","lower",1,-0.693147180559945,0.5,0.617442271229654
"303","65-74 years","mean",0,-0.693147180559945,0.5,0.533601092194959
"304","65-74 years","mean",1,-0.693147180559945,0.5,0.644871033278887
"305","65-74 years","upper",0,-0.693147180559945,0.5,0.585267176719528
"306","65-74 years","upper",1,-0.693147180559945,0.5,0.671958626886013
"307","65-74 years","lower",0,0,1,0.38219246879589
"308","65-74 years","lower",1,0,1,0.564300935412027
"309","65-74 years","mean",0,0,1,0.452165117123263
"310","65-74 years","mean",1,0,1,0.600986329301415
"311","65-74 years","upper",0,0,1,0.521267421416258
"312","65-74 years","upper",1,0,1,0.637215417555906
"313","65-74 years","lower",0,0.693147180559945,2,0.248002956865498
"314","65-74 years","lower",1,0.693147180559945,2,0.491569211019223
"315","65-74 years","mean",0,0.693147180559945,2,0.341589906242424
"316","65-74 years","mean",1,0.693147180559945,2,0.540635155825769
"317","65-74 years","upper",0,0.693147180559945,2,0.434012788729889
"318","65-74 years","upper",1,0.693147180559945,2,0.589090801417203
"319","65-74 years","lower",0,1.09861228866811,3,0.148067211383506
"320","65-74 years","lower",1,1.09861228866811,3,0.436796116811109
"321","65-74 years","mean",0,1.09861228866811,3,0.259007282083342
"322","65-74 years","mean",1,1.09861228866811,3,0.494959989253077
"323","65-74 years","upper",0,1.09861228866811,3,0.368567441760583
"324","65-74 years","upper",1,1.09861228866811,3,0.552400399305008
"325","65-74 years","lower",0,1.38629436111989,4,0.065214694564872
"326","65-74 years","lower",1,1.38629436111989,4,0.390979450398691
"327","65-74 years","mean",0,1.38629436111989,4,0.190385276257049
"328","65-74 years","mean",1,1.38629436111989,4,0.456604122359907
"329","65-74 years","upper",0,1.38629436111989,4,0.313998942902282
"330","65-74 years","upper",1,1.38629436111989,4,0.521412531922674
"331","65-74 years","lower",0,1.6094379124341,5,0
"332","65-74 years","lower",1,1.6094379124341,5,0.350747338205175
"333","65-74 years","mean",0,1.6094379124341,5,0.130468061200835
"334","65-74 years","mean",1,1.6094379124341,5,0.422812019819787
"335","65-74 years","upper",0,1.6094379124341,5,0.266212427820577
"336","65-74 years","upper",1,1.6094379124341,5,0.493980335965435
"337","65-74 years","lower",0,1.79175946922805,6,0
"338","65-74 years","lower",1,1.79175946922805,6,0.314408980946193
"339","65-74 years","mean",0,1.79175946922805,6,0.076620143833659
"340","65-74 years","mean",1,1.79175946922805,6,0.392201940279749
"341","65-74 years","upper",0,1.79175946922805,6,0.223154559245101
"342","65-74 years","upper",1,1.79175946922805,6,0.469027283842128
"343","65-74 years","lower",0,1.94591014905531,7,0
"344","65-74 years","lower",1,1.94591014905531,7,0.280977138065282
"345","65-74 years","mean",0,1.94591014905531,7,0.027302686470917
"346","65-74 years","mean",1,1.94591014905531,7,0.363967098975446
"347","65-74 years","upper",0,1.94591014905531,7,0.183626414365707
"348","65-74 years","upper",1,1.94591014905531,7,0.445924802008882
"349","65-74 years","lower",0,2.07944154167984,8,0
"350","65-74 years","lower",1,2.07944154167984,8,0.249817545798533
"351","65-74 years","mean",0,2.07944154167984,8,0
"352","65-74 years","mean",1,2.07944154167984,8,0.337589167989787
"353","65-74 years","upper",0,2.07944154167984,8,0.146857731781343
"354","65-74 years","upper",1,2.07944154167984,8,0.424269056345209
"355","65-74 years","lower",0,2.19722457733622,9,0
"356","65-74 years","lower",1,2.19722457733622,9,0.220494852034516
"357","65-74 years","mean",0,2.19722457733622,9,0
"358","65-74 years","mean",1,2.19722457733622,9,0.312712372381877
"359","65-74 years","upper",0,2.19722457733622,9,0.112319812003904
"360","65-74 years","upper",1,2.19722457733622,9,0.403782859272337
"361","65-74 years","lower",0,2.30258509299405,10,0
"362","65-74 years","lower",1,2.30258509299405,10,0.192695334775873
"363","65-74 years","mean",0,2.30258509299405,10,0
"364","65-74 years","mean",1,2.30258509299405,10,0.289080334791554
"365","65-74 years","upper",0,2.30258509299405,10,0.079631665358468
"366","65-74 years","upper",1,2.30258509299405,10,0.384266464794845
"367","65-74 years","lower",0,2.39789527279837,11,0
"368","65-74 years","lower",1,2.39789527279837,11,0.16618431060066
"369","65-74 years","mean",0,2.39789527279837,11,0
"370","65-74 years","mean",1,2.39789527279837,11,0.266501269125724
"371","65-74 years","upper",0,2.39789527279837,11,0.048508288047441
"372","65-74 years","upper",1,2.39789527279837,11,0.365570450576654
"373","65-74 years","lower",0,2.484906649788,12,0
"374","65-74 years","lower",1,2.484906649788,12,0.140780939301934
"375","65-74 years","mean",0,2.484906649788,12,0
"376","65-74 years","mean",1,2.484906649788,12,0.244827390609148
"377","65-74 years","upper",0,2.484906649788,12,0.018730064448595
"378","65-74 years","upper",1,2.484906649788,12,0.347579676119324
"379","65-74 years","lower",0,2.56494935746154,13,0
"380","65-74 years","lower",1,2.56494935746154,13,0.116342470681725
"381","65-74 years","mean",0,2.56494935746154,13,0
"382","65-74 years","mean",1,2.56494935746154,13,0.223942042076483
"383","65-74 years","upper",0,2.56494935746154,13,0
"384","65-74 years","upper",1,2.56494935746154,13,0.330203252735959
"385","65-74 years","lower",0,2.63905732961526,14,0
"386","65-74 years","lower",1,2.63905732961526,14,0.09275394584101
"387","65-74 years","mean",0,2.63905732961526,14,0
"388","65-74 years","mean",1,2.63905732961526,14,0.203751277743543
"389","65-74 years","upper",0,2.63905732961526,14,0
"390","65-74 years","upper",1,2.63905732961526,14,0.31336798638881
"391","65-74 years","lower",0,2.70805020110221,15,0
"392","65-74 years","lower",1,2.70805020110221,15,0.069921212521745
"393","65-74 years","mean",0,2.70805020110221,15,0
"394","65-74 years","mean",1,2.70805020110221,15,0.184178155261452
"395","65-74 years","upper",0,2.70805020110221,15,0
"396","65-74 years","upper",1,2.70805020110221,15,0.297013930575359
"397","65-74 years","lower",0,2.77258872223978,16,0
"398","65-74 years","lower",1,2.77258872223978,16,0.047766039913322
"399","65-74 years","mean",0,2.77258872223978,16,0
"400","65-74 years","mean",1,2.77258872223978,16,0.165158743478185
"401","65-74 years","upper",0,2.77258872223978,16,0
"402","65-74 years","upper",1,2.77258872223978,16,0.281091275938059
"403","65-74 years","lower",0,2.83321334405622,17,0
"404","65-74 years","lower",1,2.83321334405622,17,0.026222611114746
"405","65-74 years","mean",0,2.83321334405622,17,0
"406","65-74 years","mean",1,2.83321334405622,17,0.146639256036798
"407","65-74 years","upper",0,2.83321334405622,17,0
"408","65-74 years","upper",1,2.83321334405622,17,0.265558117023942
"409","65-74 years","lower",0,2.89037175789616,18,0
"410","65-74 years","lower",1,2.89037175789616,18,0.005234947201871
"411","65-74 years","mean",0,2.89037175789616,18,0
"412","65-74 years","mean",1,2.89037175789616,18,0.128573946292435
"413","65-74 years","upper",0,2.89037175789616,18,0
"414","65-74 years","upper",1,2.89037175789616,18,0.250378812194807
"415","65-74 years","lower",0,2.94443897916644,19,0
"416","65-74 years","lower",1,2.94443897916644,19,0
"417","65-74 years","mean",0,2.94443897916644,19,0
"418","65-74 years","mean",1,2.94443897916644,19,0.110923530615569
"419","65-74 years","upper",0,2.94443897916644,19,0
"420","65-74 years","upper",1,2.94443897916644,19,0.23552275520805
"421","65-74 years","lower",0,2.99573227355399,20,0
"422","65-74 years","lower",1,2.99573227355399,20,0
"423","65-74 years","mean",0,2.99573227355399,20,0
"424","65-74 years","mean",1,2.99573227355399,20,0.093653986844902
"425","65-74 years","upper",0,2.99573227355399,20,0
"426","65-74 years","upper",1,2.99573227355399,20,0.220963439080094
"427","65-74 years","lower",0,3.04452243772342,21,0
"428","65-74 years","lower",1,3.04452243772342,21,0
"429","65-74 years","mean",0,3.04452243772342,21,0
"430","65-74 years","mean",1,3.04452243772342,21,0.076735624482189
"431","65-74 years","upper",0,3.04452243772342,21,0
"432","65-74 years","upper",1,3.04452243772342,21,0.2066777316665
"433","65-74 years","lower",0,3.09104245335832,22,0
"434","65-74 years","lower",1,3.09104245335832,22,0
"435","65-74 years","mean",0,3.09104245335832,22,0
"436","65-74 years","mean",1,3.09104245335832,22,0.06014235525902
"437","65-74 years","upper",0,3.09104245335832,22,0
"438","65-74 years","upper",1,3.09104245335832,22,0.192645307353729
"439","65-74 years","lower",0,3.13549421592915,23,0
"440","65-74 years","lower",1,3.13549421592915,23,0
"441","65-74 years","mean",0,3.13549421592915,23,0
"442","65-74 years","mean",1,3.13549421592915,23,0.043851113820525
"443","65-74 years","upper",0,3.13549421592915,23,0
"444","65-74 years","upper",1,3.13549421592915,23,0.178848195708413
"445","65-74 years","lower",0,3.17805383034795,24,0
"446","65-74 years","lower",1,3.17805383034795,24,0
"447","65-74 years","mean",0,3.17805383034795,24,0
"448","65-74 years","mean",1,3.17805383034795,24,0.02784139249787
"449","65-74 years","upper",0,3.17805383034795,24,0
"450","65-74 years","upper",1,3.17805383034795,24,0.165270419014257
"451","75+ years","lower",0,-0.693147180559945,0.5,0.481284272953138
"452","75+ years","lower",1,-0.693147180559945,0.5,0.617442271229654
"453","75+ years","mean",0,-0.693147180559945,0.5,0.533601092194959
"454","75+ years","mean",1,-0.693147180559945,0.5,0.644871033278887
"455","75+ years","upper",0,-0.693147180559945,0.5,0.585267176719528
"456","75+ years","upper",1,-0.693147180559945,0.5,0.671958626886013
"457","75+ years","lower",0,0,1,0.38219246879589
"458","75+ years","lower",1,0,1,0.564300935412027
"459","75+ years","mean",0,0,1,0.452165117123263
"460","75+ years","mean",1,0,1,0.600986329301415
"461","75+ years","upper",0,0,1,0.521267421416258
"462","75+ years","upper",1,0,1,0.637215417555906
"463","75+ years","lower",0,0.693147180559945,2,0.248002956865498
"464","75+ years","lower",1,0.693147180559945,2,0.491569211019223
"465","75+ years","mean",0,0.693147180559945,2,0.341589906242424
"466","75+ years","mean",1,0.693147180559945,2,0.540635155825769
"467","75+ years","upper",0,0.693147180559945,2,0.434012788729889
"468","75+ years","upper",1,0.693147180559945,2,0.589090801417203
"469","75+ years","lower",0,1.09861228866811,3,0.148067211383506
"470","75+ years","lower",1,1.09861228866811,3,0.436796116811109
"471","75+ years","mean",0,1.09861228866811,3,0.259007282083342
"472","75+ years","mean",1,1.09861228866811,3,0.494959989253077
"473","75+ years","upper",0,1.09861228866811,3,0.368567441760583
"474","75+ years","upper",1,1.09861228866811,3,0.552400399305008
"475","75+ years","lower",0,1.38629436111989,4,0.065214694564872
"476","75+ years","lower",1,1.38629436111989,4,0.390979450398691
"477","75+ years","mean",0,1.38629436111989,4,0.190385276257049
"478","75+ years","mean",1,1.38629436111989,4,0.456604122359907
"479","75+ years","upper",0,1.38629436111989,4,0.313998942902282
"480","75+ years","upper",1,1.38629436111989,4,0.521412531922674
"481","75+ years","lower",0,1.6094379124341,5,0
"482","75+ years","lower",1,1.6094379124341,5,0.350747338205175
"483","75+ years","mean",0,1.6094379124341,5,0.130468061200835
"484","75+ years","mean",1,1.6094379124341,5,0.422812019819787
"485","75+ years","upper",0,1.6094379124341,5,0.266212427820577
"486","75+ years","upper",1,1.6094379124341,5,0.493980335965435
"487","75+ years","lower",0,1.79175946922805,6,0
"488","75+ years","lower",1,1.79175946922805,6,0.314408980946193
"489","75+ years","mean",0,1.79175946922805,6,0.076620143833659
"490","75+ years","mean",1,1.79175946922805,6,0.392201940279749
"491","75+ years","upper",0,1.79175946922805,6,0.223154559245101
"492","75+ years","upper",1,1.79175946922805,6,0.469027283842128
"493","75+ years","lower",0,1.94591014905531,7,0
"494","75+ years","lower",1,1.94591014905531,7,0.280977138065282
"495","75+ years","mean",0,1.94591014905531,7,0.027302686470917
"496","75+ years","mean",1,1.94591014905531,7,0.363967098975446
"497","75+ years","upper",0,1.94591014905531,7,0.183626414365707
"498","75+ years","upper",1,1.94591014905531,7,0.445924802008882
"499","75+ years","lower",0,2.07944154167984,8,0
"500","75+ years","lower",1,2.07944154167984,8,0.249817545798533
"501","75+ years","mean",0,2.07944154167984,8,0
"502","75+ years","mean",1,2.07944154167984,8,0.337589167989787
"503","75+ years","upper",0,2.07944154167984,8,0.146857731781343
"504","75+ years","upper",1,2.07944154167984,8,0.424269056345209
"505","75+ years","lower",0,2.19722457733622,9,0
"506","75+ years","lower",1,2.19722457733622,9,0.220494852034516
"507","75+ years","mean",0,2.19722457733622,9,0
"508","75+ years","mean",1,2.19722457733622,9,0.312712372381877
"509","75+ years","upper",0,2.19722457733622,9,0.112319812003904
"510","75+ years","upper",1,2.19722457733622,9,0.403782859272337
"511","75+ years","lower",0,2.30258509299405,10,0
"512","75+ years","lower",1,2.30258509299405,10,0.192695334775873
"513","75+ years","mean",0,2.30258509299405,10,0
"514","75+ years","mean",1,2.30258509299405,10,0.289080334791554
"515","75+ years","upper",0,2.30258509299405,10,0.079631665358468
"516","75+ years","upper",1,2.30258509299405,10,0.384266464794845
"517","75+ years","lower",0,2.39789527279837,11,0
"518","75+ years","lower",1,2.39789527279837,11,0.16618431060066
"519","75+ years","mean",0,2.39789527279837,11,0
"520","75+ years","mean",1,2.39789527279837,11,0.266501269125724
"521","75+ years","upper",0,2.39789527279837,11,0.048508288047441
"522","75+ years","upper",1,2.39789527279837,11,0.365570450576654
"523","75+ years","lower",0,2.484906649788,12,0
"524","75+ years","lower",1,2.484906649788,12,0.140780939301934
"525","75+ years","mean",0,2.484906649788,12,0
"526","75+ years","mean",1,2.484906649788,12,0.244827390609148
"527","75+ years","upper",0,2.484906649788,12,0.018730064448595
"528","75+ years","upper",1,2.484906649788,12,0.347579676119324
"529","75+ years","lower",0,2.56494935746154,13,0
"530","75+ years","lower",1,2.56494935746154,13,0.116342470681725
"531","75+ years","mean",0,2.56494935746154,13,0
"532","75+ years","mean",1,2.56494935746154,13,0.223942042076483
"533","75+ years","upper",0,2.56494935746154,13,0
"534","75+ years","upper",1,2.56494935746154,13,0.330203252735959
"535","75+ years","lower",0,2.63905732961526,14,0
"536","75+ years","lower",1,2.63905732961526,14,0.09275394584101
"537","75+ years","mean",0,2.63905732961526,14,0
"538","75+ years","mean",1,2.63905732961526,14,0.203751277743543
"539","75+ years","upper",0,2.63905732961526,14,0
"540","75+ years","upper",1,2.63905732961526,14,0.31336798638881
"541","75+ years","lower",0,2.70805020110221,15,0
"542","75+ years","lower",1,2.70805020110221,15,0.069921212521745
"543","75+ years","mean",0,2.70805020110221,15,0
"544","75+ years","mean",1,2.70805020110221,15,0.184178155261452
"545","75+ years","upper",0,2.70805020110221,15,0
"546","75+ years","upper",1,2.70805020110221,15,0.297013930575359
"547","75+ years","lower",0,2.77258872223978,16,0
"548","75+ years","lower",1,2.77258872223978,16,0.047766039913322
"549","75+ years","mean",0,2.77258872223978,16,0
"550","75+ years","mean",1,2.77258872223978,16,0.165158743478185
"551","75+ years","upper",0,2.77258872223978,16,0
"552","75+ years","upper",1,2.77258872223978,16,0.281091275938059
"553","75+ years","lower",0,2.83321334405622,17,0
"554","75+ years","lower",1,2.83321334405622,17,0.026222611114746
"555","75+ years","mean",0,2.83321334405622,17,0
"556","75+ years","mean",1,2.83321334405622,17,0.146639256036798
"557","75+ years","upper",0,2.83321334405622,17,0
"558","75+ years","upper",1,2.83321334405622,17,0.265558117023942
"559","75+ years","lower",0,2.89037175789616,18,0
"560","75+ years","lower",1,2.89037175789616,18,0.005234947201871
"561","75+ years","mean",0,2.89037175789616,18,0
"562","75+ years","mean",1,2.89037175789616,18,0.128573946292435
"563","75+ years","upper",0,2.89037175789616,18,0
"564","75+ years","upper",1,2.89037175789616,18,0.250378812194807
"565","75+ years","lower",0,2.94443897916644,19,0
"566","75+ years","lower",1,2.94443897916644,19,0
"567","75+ years","mean",0,2.94443897916644,19,0
"568","75+ years","mean",1,2.94443897916644,19,0.110923530615569
"569","75+ years","upper",0,2.94443897916644,19,0
"570","75+ years","upper",1,2.94443897916644,19,0.23552275520805
"571","75+ years","lower",0,2.99573227355399,20,0
"572","75+ years","lower",1,2.99573227355399,20,0
"573","75+ years","mean",0,2.99573227355399,20,0
"574","75+ years","mean",1,2.99573227355399,20,0.093653986844902
"575","75+ years","upper",0,2.99573227355399,20,0
"576","75+ years","upper",1,2.99573227355399,20,0.220963439080094
"577","75+ years","lower",0,3.04452243772342,21,0
"578","75+ years","lower",1,3.04452243772342,21,0
"579","75+ years","mean",0,3.04452243772342,21,0
"580","75+ years","mean",1,3.04452243772342,21,0.076735624482189
"581","75+ years","upper",0,3.04452243772342,21,0
"582","75+ years","upper",1,3.04452243772342,21,0.2066777316665
"583","75+ years","lower",0,3.09104245335832,22,0
"584","75+ years","lower",1,3.09104245335832,22,0
"585","75+ years","mean",0,3.09104245335832,22,0
"586","75+ years","mean",1,3.09104245335832,22,0.06014235525902
"587","75+ years","upper",0,3.09104245335832,22,0
"588","75+ years","upper",1,3.09104245335832,22,0.192645307353729
"589","75+ years","lower",0,3.13549421592915,23,0
"590","75+ years","lower",1,3.13549421592915,23,0
"591","75+ years","mean",0,3.13549421592915,23,0
"592","75+ years","mean",1,3.13549421592915,23,0.043851113820525
"593","75+ years","upper",0,3.13549421592915,23,0
"594","75+ years","upper",1,3.13549421592915,23,0.178848195708413
"595","75+ years","lower",0,3.17805383034795,24,0
"596","75+ years","lower",1,3.17805383034795,24,0
"597","75+ years","mean",0,3.17805383034795,24,0
"598","75+ years","mean",1,3.17805383034795,24,0.02784139249787
"599","75+ years","upper",0,3.17805383034795,24,0
"600","75+ years","upper",1,3.17805383034795,24,0.165270419014257
"601","18-49 years","lower",2,-0.693147180559945,0.5,0.67101823450522
"602","18-49 years","mean",2,-0.693147180559945,0.5,0.706932756449087
"603","18-49 years","upper",2,-0.693147180559945,0.5,0.742400561130301
"604","50-64 years","lower",2,-0.693147180559945,0.5,0.682233479779426
"605","50-64 years","mean",2,-0.693147180559945,0.5,0.716097988728489
"606","50-64 years","upper",2,-0.693147180559945,0.5,0.749541279186534
"607","18-49 years","lower",2,0,1,0.602209760093418
"608","18-49 years","mean",2,0,1,0.650244679842802
"609","18-49 years","upper",2,0,1,0.697682124623822
"610","50-64 years","lower",2,0,1,0.617209915394333
"611","50-64 years","mean",2,0,1,0.662502985764669
"612","50-64 years","upper",2,0,1,0.707232685238836
"613","18-49 years","lower",2,0.693147180559945,2,0.508523566468088
"614","18-49 years","mean",2,0.693147180559945,2,0.572769264042347
"615","18-49 years","upper",2,0.693147180559945,2,0.636215851379179
"616","50-64 years","lower",2,0.693147180559945,2,0.528585959536662
"617","50-64 years","mean",2,0.693147180559945,2,0.58916449108005
"618","50-64 years","upper",2,0.693147180559945,2,0.648989525867199
"619","18-49 years","lower",2,1.09861228866811,3,0.438351945490703
"620","18-49 years","mean",2,1.09861228866811,3,0.514510237629732
"621","18-49 years","upper",2,1.09861228866811,3,0.589721246554304
"622","50-64 years","lower",2,1.09861228866811,3,0.462134356609493
"623","50-64 years","mean",2,1.09861228866811,3,0.533945507812298
"624","50-64 years","upper",2,1.09861228866811,3,0.60486344704521
"625","18-49 years","lower",2,1.38629436111989,4,0.379907642794392
"626","18-49 years","mean",2,1.38629436111989,4,0.465834915668747
"627","18-49 years","upper",2,1.38629436111989,4,0.550693395362848
"628","50-64 years","lower",2,1.38629436111989,4,0.406740672690648
"629","50-64 years","mean",2,1.38629436111989,4,0.487763187921958
"630","50-64 years","upper",2,1.38629436111989,4,0.567777917047303
"631","18-49 years","lower",2,1.6094379124341,5,0.328775613057445
"632","18-49 years","mean",2,1.6094379124341,5,0.423135270433896
"633","18-49 years","upper",2,1.6094379124341,5,0.516321249711166
"634","50-64 years","lower",2,1.6094379124341,5,0.358241874730675
"635","50-64 years","mean",2,1.6094379124341,5,0.447215451119905
"636","50-64 years","upper",2,1.6094379124341,5,0.535082343350701
"637","18-49 years","lower",2,1.79175946922805,6,0.282741966790718
"638","18-49 years","mean",2,1.79175946922805,6,0.384602085014374
"639","18-49 years","upper",2,1.79175946922805,6,0.485195231809105
"640","50-64 years","lower",2,1.79175946922805,6,0.31455044279726
"641","50-64 years","mean",2,1.79175946922805,6,0.410596351205256
"642","50-64 years","upper",2,1.79175946922805,6,0.50544760733972
"643","18-49 years","lower",2,1.94591014905531,7,0.240514036371611
"644","18-49 years","mean",2,1.94591014905531,7,0.349178976002459
"645","18-49 years","upper",2,1.94591014905531,7,0.456492303478922
"646","50-64 years","lower",2,1.94591014905531,7,0.274447495170576
"647","50-64 years","mean",2,1.94591014905531,7,0.376909803490586
"648","50-64 years","upper",2,1.94591014905531,7,0.478097650132688
"649","18-49 years","lower",2,2.07944154167984,8,0.201261332993294
"650","18-49 years","mean",2,2.07944154167984,8,0.316187258034262
"651","18-49 years","upper",2,2.07944154167984,8,0.42968369461587
"652","50-64 years","lower",2,2.07944154167984,8,0.237149947624278
"653","50-64 years","mean",2,2.07944154167984,8,0.345515862200897
"654","50-64 years","upper",2,2.07944154167984,8,0.452533884000321
"655","18-49 years","lower",2,2.19722457733622,9,0.164413817696986
"656","18-49 years","mean",2,2.19722457733622,9,0.285161088469893
"657","18-49 years","upper",2,2.19722457733622,9,0.404406462869048
"658","50-64 years","lower",2,2.19722457733622,9,0.202120299215122
"659","50-64 years","mean",2,2.19722457733622,9,0.315975275150902
"660","50-64 years","upper",2,2.19722457733622,9,0.428414083463208
"661","18-49 years","lower",2,2.30258509299405,10,0.12956071089525
"662","18-49 years","mean",2,2.30258509299405,10,0.255764773328308
"663","18-49 years","upper",2,2.30258509299405,10,0.380399065923027
"664","50-64 years","lower",2,2.30258509299405,10,0.168971217792716
"665","50-64 years","mean",2,2.30258509299405,10,0.287971509884929
"666","50-64 years","upper",2,2.30258509299405,10,0.405491635129274
"667","18-49 years","lower",2,2.39789527279837,11,0.096394724096829
"668","18-49 years","mean",2,2.39789527279837,11,0.227747192787308
"669","18-49 years","upper",2,2.39789527279837,11,0.357465853979309
"670","50-64 years","lower",2,2.39789527279837,11,0.137412954996259
"671","50-64 years","mean",2,2.39789527279837,11,0.26126778058471
"672","50-64 years","upper",2,2.39789527279837,11,0.383582056956336
"673","18-49 years","lower",2,2.484906649788,12,0.064679069743866
"674","18-49 years","mean",2,2.484906649788,12,0.200914841228821
"675","18-49 years","upper",2,2.484906649788,12,0.335456065003846
"676","50-64 years","lower",2,2.484906649788,12,0.107222239181358
"677","50-64 years","mean",2,2.484906649788,12,0.235681626997951
"678","50-64 years","upper",2,2.484906649788,12,0.362543192457972
"679","18-49 years","lower",2,2.56494935746154,13,0.034226834365448
"680","18-49 years","mean",2,2.56494935746154,13,0.175114970733815
"681","18-49 years","upper",2,2.56494935746154,13,0.314250691666522
"682","50-64 years","lower",2,2.56494935746154,13,0.078222825960899
"683","50-64 years","mean",2,2.56494935746154,13,0.211069020108225
"684","50-64 years","upper",2,2.56494935746154,13,0.342262827282501
"685","18-49 years","lower",2,2.63905732961526,14,0.00488749370918098
"686","18-49 years","mean",2,2.63905732961526,14,0.150224571086895
"687","18-49 years","upper",2,2.63905732961526,14,0.293753895559819
"688","50-64 years","lower",2,2.63905732961526,14,0.050272783057454
"689","50-64 years","mean",2,2.63905732961526,14,0.187313971164616
"690","50-64 years","upper",2,2.63905732961526,14,0.322650593510952
"691","18-49 years","lower",2,2.70805020110221,15,0
"692","18-49 years","mean",2,2.70805020110221,15,0.126142895937493
"693","18-49 years","upper",2,2.70805020110221,15,0.273887184261215
"694","50-64 years","lower",2,2.70805020110221,15,0.023255866800259
"695","50-64 years","mean",2,2.70805020110221,15,0.164321484452138
"696","50-64 years","upper",2,2.70805020110221,15,0.303632479094683
"697","18-49 years","lower",2,2.77258872223978,16,0
"698","18-49 years","mean",2,2.77258872223978,16,0.102786235464573
"699","18-49 years","upper",2,2.77258872223978,16,0.254585338667436
"700","50-64 years","lower",2,2.77258872223978,16,0
"701","50-64 years","mean",2,2.77258872223978,16,0.142012628334501
"702","50-64 years","upper",2,2.77258872223978,16,0.285146987658778
"703","18-49 years","lower",2,2.83321334405622,17,0
"704","18-49 years","mean",2,2.83321334405622,17,0.080084163183221
"705","18-49 years","upper",2,2.83321334405622,17,0.235793488846425
"706","50-64 years","lower",2,2.83321334405622,17,0
"707","50-64 years","mean",2,2.83321334405622,17,0.120320996294243
"708","50-64 years","upper",2,2.83321334405622,17,0.26714238126536
"709","18-49 years","lower",2,2.89037175789616,18,0
"710","18-49 years","mean",2,2.89037175789616,18,0.057976779602616
"711","18-49 years","upper",2,2.89037175789616,18,0.217464966545525
"712","50-64 years","lower",2,2.89037175789616,18,0
"713","50-64 years","mean",2,2.89037175789616,18,0.09919010792363
"714","50-64 years","upper",2,2.89037175789616,18,0.249574655501334
"715","18-49 years","lower",2,2.94443897916644,19,0
"716","18-49 years","mean",2,2.94443897916644,19,0.036412647739489
"717","18-49 years","upper",2,2.94443897916644,19,0.199559696730739
"718","50-64 years","lower",2,2.94443897916644,19,0
"719","50-64 years","mean",2,2.94443897916644,19,0.078571462279702
"720","50-64 years","upper",2,2.94443897916644,19,0.232406022829126
"721","18-49 years","lower",2,2.99573227355399,20,0
"722","18-49 years","mean",2,2.99573227355399,20,0.015347219842965
"723","18-49 years","upper",2,2.99573227355399,20,0.182042971833363
"724","50-64 years","lower",2,2.99573227355399,20,0
"725","50-64 years","mean",2,2.99573227355399,20,0.058423054412191
"726","50-64 years","upper",2,2.99573227355399,20,0.215603756799728
"727","18-49 years","lower",2,3.04452243772342,21,0
"728","18-49 years","mean",2,3.04452243772342,21,0
"729","18-49 years","upper",2,3.04452243772342,21,0.164884503213041
"730","50-64 years","lower",2,3.04452243772342,21,0
"731","50-64 years","mean",2,3.04452243772342,21,0.038708227393537
"732","50-64 years","upper",2,3.04452243772342,21,0.199139297658567
"733","18-49 years","lower",2,3.09104245335832,22,0
"734","18-49 years","mean",2,3.09104245335832,22,0
"735","18-49 years","upper",2,3.09104245335832,22,0.148057677029451
"736","50-64 years","lower",2,3.09104245335832,22,0
"737","50-64 years","mean",2,3.09104245335832,22,0.019394771735121
"738","50-64 years","upper",2,3.09104245335832,22,0.182987550692279
"739","18-49 years","lower",2,3.13549421592915,23,0
"740","18-49 years","mean",2,3.13549421592915,23,0
"741","18-49 years","upper",2,3.13549421592915,23,0.131538963255156
"742","50-64 years","lower",2,3.13549421592915,23,0
"743","50-64 years","mean",2,3.13549421592915,23,0.000454210143109979
"744","50-64 years","upper",2,3.13549421592915,23,0.16712632897531
"745","18-49 years","lower",2,3.17805383034795,24,0
"746","18-49 years","mean",2,3.17805383034795,24,0
"747","18-49 years","upper",2,3.17805383034795,24,0.115307441075669
"748","50-64 years","lower",2,3.17805383034795,24,0
"749","50-64 years","mean",2,3.17805383034795,24,0
"750","50-64 years","upper",2,3.17805383034795,24,0.1515359058603
"751","65-74 years","lower",2,-0.693147180559945,0.5,0.717442271229654
"752","65-74 years","mean",2,-0.693147180559945,0.5,0.744871033278887
"753","65-74 years","upper",2,-0.693147180559945,0.5,0.771958626886013
"754","65-74 years","lower",2,0,1,0.664300935412027
"755","65-74 years","mean",2,0,1,0.700986329301415
"756","65-74 years","upper",2,0,1,0.737215417555906
"757","65-74 years","lower",2,0.693147180559945,2,0.591569211019223
"758","65-74 years","mean",2,0.693147180559945,2,0.640635155825769
"759","65-74 years","upper",2,0.693147180559945,2,0.689090801417203
"760","65-74 years","lower",2,1.09861228866811,3,0.536796116811109
"761","65-74 years","mean",2,1.09861228866811,3,0.594959989253077
"762","65-74 years","upper",2,1.09861228866811,3,0.652400399305008
"763","65-74 years","lower",2,1.38629436111989,4,0.490979450398691
"764","65-74 years","mean",2,1.38629436111989,4,0.556604122359907
"765","65-74 years","upper",2,1.38629436111989,4,0.621412531922674
"766","65-74 years","lower",2,1.6094379124341,5,0.450747338205175
"767","65-74 years","mean",2,1.6094379124341,5,0.522812019819787
"768","65-74 years","upper",2,1.6094379124341,5,0.593980335965435
"769","65-74 years","lower",2,1.79175946922805,6,0.414408980946193
"770","65-74 years","mean",2,1.79175946922805,6,0.492201940279749
"771","65-74 years","upper",2,1.79175946922805,6,0.569027283842128
"772","65-74 years","lower",2,1.94591014905531,7,0.380977138065282
"773","65-74 years","mean",2,1.94591014905531,7,0.463967098975446
"774","65-74 years","upper",2,1.94591014905531,7,0.545924802008882
"775","65-74 years","lower",2,2.07944154167984,8,0.349817545798533
"776","65-74 years","mean",2,2.07944154167984,8,0.437589167989787
"777","65-74 years","upper",2,2.07944154167984,8,0.524269056345209
"778","65-74 years","lower",2,2.19722457733622,9,0.320494852034516
"779","65-74 years","mean",2,2.19722457733622,9,0.412712372381877
"780","65-74 years","upper",2,2.19722457733622,9,0.503782859272337
"781","65-74 years","lower",2,2.30258509299405,10,0.292695334775873
"782","65-74 years","mean",2,2.30258509299405,10,0.389080334791554
"783","65-74 years","upper",2,2.30258509299405,10,0.484266464794845
"784","65-74 years","lower",2,2.39789527279837,11,0.26618431060066
"785","65-74 years","mean",2,2.39789527279837,11,0.366501269125724
"786","65-74 years","upper",2,2.39789527279837,11,0.465570450576654
"787","65-74 years","lower",2,2.484906649788,12,0.240780939301934
"788","65-74 years","mean",2,2.484906649788,12,0.344827390609148
"789","65-74 years","upper",2,2.484906649788,12,0.447579676119324
"790","65-74 years","lower",2,2.56494935746154,13,0.216342470681725
"791","65-74 years","mean",2,2.56494935746154,13,0.323942042076483
"792","65-74 years","upper",2,2.56494935746154,13,0.430203252735959
"793","65-74 years","lower",2,2.63905732961526,14,0.19275394584101
"794","65-74 years","mean",2,2.63905732961526,14,0.303751277743543
"795","65-74 years","upper",2,2.63905732961526,14,0.41336798638881
"796","65-74 years","lower",2,2.70805020110221,15,0.169921212521745
"797","65-74 years","mean",2,2.70805020110221,15,0.284178155261452
"798","65-74 years","upper",2,2.70805020110221,15,0.397013930575359
"799","65-74 years","lower",2,2.77258872223978,16,0.147766039913322
"800","65-74 years","mean",2,2.77258872223978,16,0.265158743478185
"801","65-74 years","upper",2,2.77258872223978,16,0.381091275938059
"802","65-74 years","lower",2,2.83321334405622,17,0.126222611114746
"803","65-74 years","mean",2,2.83321334405622,17,0.246639256036798
"804","65-74 years","upper",2,2.83321334405622,17,0.365558117023942
"805","65-74 years","lower",2,2.89037175789616,18,0.105234947201871
"806","65-74 years","mean",2,2.89037175789616,18,0.228573946292435
"807","65-74 years","upper",2,2.89037175789616,18,0.350378812194807
"808","65-74 years","lower",2,2.94443897916644,19,0.084754977866499
"809","65-74 years","mean",2,2.94443897916644,19,0.210923530615569
"810","65-74 years","upper",2,2.94443897916644,19,0.33552275520805
"811","65-74 years","lower",2,2.99573227355399,20,0.064741071115887
"812","65-74 years","mean",2,2.99573227355399,20,0.193653986844902
"813","65-74 years","upper",2,2.99573227355399,20,0.320963439080094
"814","65-74 years","lower",2,3.04452243772342,21,0.045156895495473
"815","65-74 years","mean",2,3.04452243772342,21,0.176735624482189
"816","65-74 years","upper",2,3.04452243772342,21,0.3066777316665
"817","65-74 years","lower",2,3.09104245335832,22,0.025970527501291
"818","65-74 years","mean",2,3.09104245335832,22,0.16014235525902
"819","65-74 years","upper",2,3.09104245335832,22,0.292645307353729
"820","65-74 years","lower",2,3.13549421592915,23,0.00715374268639901
"821","65-74 years","mean",2,3.13549421592915,23,0.143851113820525
"822","65-74 years","upper",2,3.13549421592915,23,0.278848195708413
"823","65-74 years","lower",2,3.17805383034795,24,0
"824","65-74 years","mean",2,3.17805383034795,24,0.12784139249787
"825","65-74 years","upper",2,3.17805383034795,24,0.265270419014257
"826","75+ years","lower",2,-0.693147180559945,0.5,0.717442271229654
"827","75+ years","mean",2,-0.693147180559945,0.5,0.744871033278887
"828","75+ years","upper",2,-0.693147180559945,0.5,0.771958626886013
"829","75+ years","lower",2,0,1,0.664300935412027
"830","75+ years","mean",2,0,1,0.700986329301415
"831","75+ years","upper",2,0,1,0.737215417555906
"832","75+ years","lower",2,0.693147180559945,2,0.591569211019223
"833","75+ years","mean",2,0.693147180559945,2,0.640635155825769
"834","75+ years","upper",2,0.693147180559945,2,0.689090801417203
"835","75+ years","lower",2,1.09861228866811,3,0.536796116811109
"836","75+ years","mean",2,1.09861228866811,3,0.594959989253077
"837","75+ years","upper",2,1.09861228866811,3,0.652400399305008
"838","75+ years","lower",2,1.38629436111989,4,0.490979450398691
"839","75+ years","mean",2,1.38629436111989,4,0.556604122359907
"840","75+ years","upper",2,1.38629436111989,4,0.621412531922674
"841","75+ years","lower",2,1.6094379124341,5,0.450747338205175
"842","75+ years","mean",2,1.6094379124341,5,0.522812019819787
"843","75+ years","upper",2,1.6094379124341,5,0.593980335965435
"844","75+ years","lower",2,1.79175946922805,6,0.414408980946193
"845","75+ years","mean",2,1.79175946922805,6,0.492201940279749
"846","75+ years","upper",2,1.79175946922805,6,0.569027283842128
"847","75+ years","lower",2,1.94591014905531,7,0.380977138065282
"848","75+ years","mean",2,1.94591014905531,7,0.463967098975446
"849","75+ years","upper",2,1.94591014905531,7,0.545924802008882
"850","75+ years","lower",2,2.07944154167984,8,0.349817545798533
"851","75+ years","mean",2,2.07944154167984,8,0.437589167989787
"852","75+ years","upper",2,2.07944154167984,8,0.524269056345209
"853","75+ years","lower",2,2.19722457733622,9,0.320494852034516
"854","75+ years","mean",2,2.19722457733622,9,0.412712372381877
"855","75+ years","upper",2,2.19722457733622,9,0.503782859272337
"856","75+ years","lower",2,2.30258509299405,10,0.292695334775873
"857","75+ years","mean",2,2.30258509299405,10,0.389080334791554
"858","75+ years","upper",2,2.30258509299405,10,0.484266464794845
"859","75+ years","lower",2,2.39789527279837,11,0.26618431060066
"860","75+ years","mean",2,2.39789527279837,11,0.366501269125724
"861","75+ years","upper",2,2.39789527279837,11,0.465570450576654
"862","75+ years","lower",2,2.484906649788,12,0.240780939301934
"863","75+ years","mean",2,2.484906649788,12,0.344827390609148
"864","75+ years","upper",2,2.484906649788,12,0.447579676119324
"865","75+ years","lower",2,2.56494935746154,13,0.216342470681725
"866","75+ years","mean",2,2.56494935746154,13,0.323942042076483
"867","75+ years","upper",2,2.56494935746154,13,0.430203252735959
"868","75+ years","lower",2,2.63905732961526,14,0.19275394584101
"869","75+ years","mean",2,2.63905732961526,14,0.303751277743543
"870","75+ years","upper",2,2.63905732961526,14,0.41336798638881
"871","75+ years","lower",2,2.70805020110221,15,0.169921212521745
"872","75+ years","mean",2,2.70805020110221,15,0.284178155261452
"873","75+ years","upper",2,2.70805020110221,15,0.397013930575359
"874","75+ years","lower",2,2.77258872223978,16,0.147766039913322
"875","75+ years","mean",2,2.77258872223978,16,0.265158743478185
"876","75+ years","upper",2,2.77258872223978,16,0.381091275938059
"877","75+ years","lower",2,2.83321334405622,17,0.126222611114746
"878","75+ years","mean",2,2.83321334405622,17,0.246639256036798
"879","75+ years","upper",2,2.83321334405622,17,0.365558117023942
"880","75+ years","lower",2,2.89037175789616,18,0.105234947201871
"881","75+ years","mean",2,2.89037175789616,18,0.228573946292435
"882","75+ years","upper",2,2.89037175789616,18,0.350378812194807
"883","75+ years","lower",2,2.94443897916644,19,0.084754977866499
"884","75+ years","mean",2,2.94443897916644,19,0.210923530615569
"885","75+ years","upper",2,2.94443897916644,19,0.33552275520805
"886","75+ years","lower",2,2.99573227355399,20,0.064741071115887
"887","75+ years","mean",2,2.99573227355399,20,0.193653986844902
"888","75+ years","upper",2,2.99573227355399,20,0.320963439080094
"889","75+ years","lower",2,3.04452243772342,21,0.045156895495473
"890","75+ years","mean",2,3.04452243772342,21,0.176735624482189
"891","75+ years","upper",2,3.04452243772342,21,0.3066777316665
"892","75+ years","lower",2,3.09104245335832,22,0.025970527501291
"893","75+ years","mean",2,3.09104245335832,22,0.16014235525902
"894","75+ years","upper",2,3.09104245335832,22,0.292645307353729
"895","75+ years","lower",2,3.13549421592915,23,0.00715374268639901
"896","75+ years","mean",2,3.13549421592915,23,0.143851113820525
"897","75+ years","upper",2,3.13549421592915,23,0.278848195708413
"898","75+ years","lower",2,3.17805383034795,24,0
"899","75+ years","mean",2,3.17805383034795,24,0.12784139249787
"900","75+ years","upper",2,3.17805383034795,24,0.265270419014257
