"","age_group","estimate","prior_inf","study","month_input","months","ve_pred"
"1","18-49 years","lower",0,"NA",-0.693147180559945,0.5,0.657416830280842
"2","18-49 years","lower",1,"NA",-0.693147180559945,0.5,0.829110535377598
"3","18-49 years","mean",0,"NA",-0.693147180559945,0.5,0.730103154098357
"4","18-49 years","mean",1,"NA",-0.693147180559945,0.5,0.843091439276035
"5","18-49 years","upper",0,"NA",-0.693147180559945,0.5,0.785252996059615
"6","18-49 years","upper",1,"NA",-0.693147180559945,0.5,0.853699275798489
"7","50-64 years","lower",0,"NA",-0.693147180559945,0.5,0.663819685375301
"8","50-64 years","lower",1,"NA",-0.693147180559945,0.5,0.830342097204496
"9","50-64 years","mean",0,"NA",-0.693147180559945,0.5,0.734316748399653
"10","50-64 years","mean",1,"NA",-0.693147180559945,0.5,0.843901906141044
"11","50-64 years","upper",0,"NA",-0.693147180559945,0.5,0.787805516029266
"12","50-64 years","upper",1,"NA",-0.693147180559945,0.5,0.854190242111273
"13","18-49 years","lower",0,"NA",0,1,0.602352258072379
"14","18-49 years","lower",1,"NA",0,1,0.818519100127854
"15","18-49 years","mean",0,"NA",0,1,0.693866231001086
"16","18-49 years","mean",1,"NA",0,1,0.836121421908395
"17","18-49 years","upper",0,"NA",0,1,0.763301316986944
"18","18-49 years","upper",1,"NA",0,1,0.849476964097943
"19","50-64 years","lower",0,"NA",0,1,0.610413619233686
"20","50-64 years","lower",1,"NA",0,1,0.820069668512215
"21","50-64 years","mean",0,"NA",0,1,0.699171255860913
"22","50-64 years","mean",1,"NA",0,1,0.837141820779168
"23","50-64 years","upper",0,"NA",0,1,0.766515006043348
"24","50-64 years","upper",1,"NA",0,1,0.850095103460306
"25","18-49 years","lower",0,"NA",0.693147180559945,2,0.533024528923943
"26","18-49 years","lower",1,"NA",0.693147180559945,2,0.805184207567397
"27","18-49 years","mean",0,"NA",0.693147180559945,2,0.648243001964646
"28","18-49 years","mean",1,"NA",0.693147180559945,2,0.827345988688024
"29","18-49 years","upper",0,"NA",0.693147180559945,2,0.735663581868579
"30","18-49 years","upper",1,"NA",0.693147180559945,2,0.84416096380564
"31","50-64 years","lower",0,"NA",0.693147180559945,2,0.54317399237647
"32","50-64 years","lower",1,"NA",0.693147180559945,2,0.807136413507908
"33","50-64 years","mean",0,"NA",0.693147180559945,2,0.65492216629585
"34","50-64 years","mean",1,"NA",0.693147180559945,2,0.828630697416324
"35","50-64 years","upper",0,"NA",0.693147180559945,2,0.739709700008319
"36","50-64 years","upper",1,"NA",0.693147180559945,2,0.844939217346368
"37","18-49 years","lower",0,"NA",1.09861228866811,3,0.48441969677087
"38","18-49 years","lower",1,"NA",1.09861228866811,3,0.795835275723797
"39","18-49 years","mean",0,"NA",1.09861228866811,3,0.616257108054152
"40","18-49 years","mean",1,"NA",1.09861228866811,3,0.821193638625707
"41","18-49 years","upper",0,"NA",1.09861228866811,3,0.71628710014879
"42","18-49 years","upper",1,"NA",1.09861228866811,3,0.840433980315674
"43","50-64 years","lower",0,"NA",1.09861228866811,3,0.496033103477126
"44","50-64 years","lower",1,"NA",1.09861228866811,3,0.798069064895763
"45","50-64 years","mean",0,"NA",1.09861228866811,3,0.623899664943884
"46","50-64 years","mean",1,"NA",1.09861228866811,3,0.8226636517974
"47","50-64 years","upper",0,"NA",1.09861228866811,3,0.720916824247817
"48","50-64 years","upper",1,"NA",1.09861228866811,3,0.841324487969732
"49","18-49 years","lower",0,"NA",1.38629436111989,4,0.445739114071667
"50","18-49 years","lower",1,"NA",1.38629436111989,4,0.788395230870093
"51","18-49 years","mean",0,"NA",1.38629436111989,4,0.590802169526304
"52","18-49 years","mean",1,"NA",1.38629436111989,4,0.816297489933528
"53","18-49 years","upper",0,"NA",1.38629436111989,4,0.700866954241866
"54","18-49 years","upper",1,"NA",1.38629436111989,4,0.837467981119377
"55","50-64 years","lower",0,"NA",1.38629436111989,4,0.458517552639662
"56","50-64 years","lower",1,"NA",1.38629436111989,4,0.7908531089441
"57","50-64 years","mean",0,"NA",1.38629436111989,4,0.599211411206029
"58","50-64 years","mean",1,"NA",1.38629436111989,4,0.817914971649595
"59","50-64 years","upper",0,"NA",1.38629436111989,4,0.705961122256693
"60","50-64 years","upper",1,"NA",1.38629436111989,4,0.838447822576713
"61","18-49 years","lower",0,"NA",1.6094379124341,5,0.413083357736586
"62","18-49 years","lower",1,"NA",1.6094379124341,5,0.782114035631801
"63","18-49 years","mean",0,"NA",1.6094379124341,5,0.56931205195093
"64","18-49 years","mean",1,"NA",1.6094379124341,5,0.812163957615375
"65","18-49 years","upper",0,"NA",1.6094379124341,5,0.68784862586497
"66","18-49 years","upper",1,"NA",1.6094379124341,5,0.834963961265344
"67","50-64 years","lower",0,"NA",1.6094379124341,5,0.426845364646749
"68","50-64 years","lower",1,"NA",1.6094379124341,5,0.784761098875
"69","50-64 years","mean",0,"NA",1.6094379124341,5,0.578368560810742
"70","50-64 years","mean",1,"NA",1.6094379124341,5,0.813905938408656
"71","50-64 years","upper",0,"NA",1.6094379124341,5,0.693334896746075
"72","50-64 years","upper",1,"NA",1.6094379124341,5,0.836019222034098
"73","18-49 years","lower",0,"NA",1.79175946922805,6,0.384544365730455
"74","18-49 years","lower",1,"NA",1.79175946922805,6,0.776624682426957
"75","18-49 years","mean",0,"NA",1.79175946922805,6,0.550531096844539
"76","18-49 years","mean",1,"NA",1.79175946922805,6,0.808551521125636
"77","18-49 years","upper",0,"NA",1.79175946922805,6,0.676471459595442
"78","18-49 years","upper",1,"NA",1.79175946922805,6,0.832775611932254
"79","50-64 years","lower",0,"NA",1.79175946922805,6,0.399165946945576
"80","50-64 years","lower",1,"NA",1.79175946922805,6,0.779437081115946
"81","50-64 years","mean",0,"NA",1.79175946922805,6,0.560153274822186
"82","50-64 years","mean",1,"NA",1.79175946922805,6,0.810402305957414
"83","50-64 years","upper",0,"NA",1.79175946922805,6,0.682300402697991
"84","50-64 years","upper",1,"NA",1.79175946922805,6,0.833896784239039
"85","18-49 years","lower",0,"NA",1.94591014905531,7,0.359028701503348
"86","18-49 years","lower",1,"NA",1.94591014905531,7,0.771716853405921
"87","18-49 years","mean",0,"NA",1.94591014905531,7,0.533739734898184
"88","18-49 years","mean",1,"NA",1.94591014905531,7,0.805321774381459
"89","18-49 years","upper",0,"NA",1.94591014905531,7,0.666299553232145
"90","18-49 years","upper",1,"NA",1.94591014905531,7,0.830819089193724
"91","50-64 years","lower",0,"NA",1.94591014905531,7,0.374418796523682
"92","50-64 years","lower",1,"NA",1.94591014905531,7,0.774677072442549
"93","50-64 years","mean",0,"NA",1.94591014905531,7,0.543867656851345
"94","50-64 years","mean",1,"NA",1.94591014905531,7,0.807269836906584
"95","50-64 years","upper",0,"NA",1.94591014905531,7,0.672434866978074
"96","50-64 years","upper",1,"NA",1.94591014905531,7,0.831999190585066
"97","18-49 years","lower",0,"NA",2.07944154167984,8,0.335844505673032
"98","18-49 years","lower",1,"NA",2.07944154167984,8,0.767257472371878
"99","18-49 years","mean",0,"NA",2.07944154167984,8,0.51848266691998
"100","18-49 years","mean",1,"NA",2.07944154167984,8,0.802387142528144
"101","18-49 years","upper",0,"NA",2.07944154167984,8,0.657057094678243
"102","18-49 years","upper",1,"NA",2.07944154167984,8,0.829041341771089
"103","50-64 years","lower",0,"NA",2.07944154167984,8,0.351932892315318
"104","50-64 years","lower",1,"NA",2.07944154167984,8,0.770352004819156
"105","50-64 years","mean",0,"NA",2.07944154167984,8,0.52907012099678
"106","50-64 years","mean",1,"NA",2.07944154167984,8,0.804423594094308
"107","50-64 years","upper",0,"NA",2.07944154167984,8,0.663470784755259
"108","50-64 years","upper",1,"NA",2.07944154167984,8,0.8302749876606
"109","18-49 years","lower",0,"NA",2.19722457733622,9,0.314522979467272
"110","18-49 years","lower",1,"NA",2.19722457733622,9,0.763156367883513
"111","18-49 years","mean",0,"NA",2.19722457733622,9,0.504451385563438
"112","18-49 years","mean",1,"NA",2.19722457733622,9,0.79968828549542
"113","18-49 years","upper",0,"NA",2.19722457733622,9,0.648557195708058
"114","18-49 years","upper",1,"NA",2.19722457733622,9,0.827406422512455
"115","50-64 years","lower",0,"NA",2.19722457733622,9,0.331253555436534
"116","50-64 years","lower",1,"NA",2.19722457733622,9,0.766374422704651
"117","50-64 years","mean",0,"NA",2.19722457733622,9,0.515461451935624
"118","50-64 years","mean",1,"NA",2.19722457733622,9,0.801806024731365
"119","50-64 years","upper",0,"NA",2.19722457733622,9,0.655226896745374
"120","50-64 years","upper",1,"NA",2.19722457733622,9,0.828689311016599
"121","18-49 years","lower",0,"NA",2.30258509299405,10,0.294730058769406
"122","18-49 years","lower",1,"NA",2.30258509299405,10,0.75934928413498
"123","18-49 years","mean",0,"NA",2.30258509299405,10,0.49142604973619
"124","18-49 years","mean",1,"NA",2.30258509299405,10,0.797182917788246
"125","18-49 years","upper",0,"NA",2.30258509299405,10,0.640666680524801
"126","18-49 years","upper",1,"NA",2.30258509299405,10,0.825888715622184
"127","50-64 years","lower",0,"NA",2.30258509299405,10,0.312056783546176
"128","50-64 years","lower",1,"NA",2.30258509299405,10,0.762682005632725
"129","50-64 years","mean",0,"NA",2.30258509299405,10,0.502828430034115
"130","50-64 years","mean",1,"NA",2.30258509299405,10,0.799376116931993
"131","50-64 years","upper",0,"NA",2.30258509299405,10,0.647574038312677
"132","50-64 years","upper",1,"NA",2.30258509299405,10,0.827217316387121
"133","18-49 years","lower",0,"NA",2.39789527279837,11,0.276218303058618
"134","18-49 years","lower",1,"NA",2.39789527279837,11,0.75578862699907
"135","18-49 years","mean",0,"NA",2.39789527279837,11,0.479243823648104
"136","18-49 years","mean",1,"NA",2.39789527279837,11,0.79483971863796
"137","18-49 years","upper",0,"NA",2.39789527279837,11,0.633286906122914
"138","18-49 years","upper",1,"NA",2.39789527279837,11,0.824469247539523
"139","50-64 years","lower",0,"NA",2.39789527279837,11,0.294102588857349
"140","50-64 years","lower",1,"NA",2.39789527279837,11,0.759228592977705
"141","50-64 years","mean",0,"NA",2.39789527279837,11,0.491013124001238
"142","50-64 years","mean",1,"NA",2.39789527279837,11,0.797103493286987
"143","50-64 years","upper",0,"NA",2.39789527279837,11,0.640416537509342
"144","50-64 years","upper",1,"NA",2.39789527279837,11,0.825840601681675
"145","18-49 years","lower",0,"NA",2.484906649788,12,0.25879872527098
"146","18-49 years","lower",1,"NA",2.484906649788,12,0.752438045621317
"147","18-49 years","mean",0,"NA",2.484906649788,12,0.467780338591181
"148","18-49 years","mean",1,"NA",2.484906649788,12,0.792634766254836
"149","18-49 years","upper",0,"NA",2.484906649788,12,0.626342532166316
"150","18-49 years","upper",1,"NA",2.484906649788,12,0.823133526872651
"151","50-64 years","lower",0,"NA",2.484906649788,12,0.277207676463158
"152","50-64 years","lower",1,"NA",2.484906649788,12,0.755978928747213
"153","50-64 years","mean",0,"NA",2.484906649788,12,0.479894911026738
"154","50-64 years","mean",1,"NA",2.484906649788,12,0.794964952514047
"155","50-64 years","upper",0,"NA",2.484906649788,12,0.633681323197059
"156","50-64 years","upper",1,"NA",2.484906649788,12,0.824545111978938
"157","18-49 years","lower",0,"NA",2.56494935746154,13,0.242323338634782
"158","18-49 years","lower",1,"NA",2.56494935746154,13,0.749269075378323
"159","18-49 years","mean",0,"NA",2.56494935746154,13,0.456938207351633
"160","18-49 years","mean",1,"NA",2.56494935746154,13,0.7905493286243
"161","18-49 years","upper",0,"NA",2.56494935746154,13,0.619774563224928
"162","18-49 years","upper",1,"NA",2.56494935746154,13,0.821870206102598
"163","50-64 years","lower",0,"NA",2.56494935746154,13,0.261228516849052
"164","50-64 years","lower",1,"NA",2.56494935746154,13,0.752905405652229
"165","50-64 years","mean",0,"NA",2.56494935746154,13,0.469379337130998
"166","50-64 years","mean",1,"NA",2.56494935746154,13,0.792942326793666
"167","50-64 years","upper",0,"NA",2.56494935746154,13,0.627311176846481
"168","50-64 years","upper",1,"NA",2.56494935746154,13,0.823319841539205
"169","18-49 years","lower",0,"NA",2.63905732961526,14,0.226673840111019
"170","18-49 years","lower",1,"NA",2.63905732961526,14,0.746258961185882
"171","18-49 years","mean",0,"NA",2.63905732961526,14,0.446639577002348
"172","18-49 years","mean",1,"NA",2.63905732961526,14,0.78856843106838
"173","18-49 years","upper",0,"NA",2.63905732961526,14,0.613535837389715
"174","18-49 years","upper",1,"NA",2.63905732961526,14,0.820670213837619
"175","50-64 years","lower",0,"NA",2.63905732961526,14,0.2460503701801
"176","50-64 years","lower",1,"NA",2.63905732961526,14,0.749985953975628
"177","50-64 years","mean",0,"NA",2.63905732961526,14,0.459390894262148
"178","50-64 years","mean",1,"NA",2.63905732961526,14,0.791021092474607
"179","50-64 years","upper",0,"NA",2.63905732961526,14,0.621260357032002
"180","50-64 years","upper",1,"NA",2.63905732961526,14,0.822155992194652
"181","18-49 years","lower",0,"NA",2.70805020110221,15,0.21175399274616
"182","18-49 years","lower",1,"NA",2.70805020110221,15,0.743389192277069
"183","18-49 years","mean",0,"NA",2.70805020110221,15,0.436821115877533
"184","18-49 years","mean",1,"NA",2.70805020110221,15,0.78667989201169
"185","18-49 years","upper",0,"NA",2.70805020110221,15,0.607587989471698
"186","18-49 years","upper",1,"NA",2.70805020110221,15,0.819526170697494
"187","50-64 years","lower",0,"NA",2.70805020110221,15,0.231579898091915
"188","50-64 years","lower",1,"NA",2.70805020110221,15,0.747202620481725
"189","50-64 years","mean",0,"NA",2.70805020110221,15,0.449868158259485
"190","50-64 years","mean",1,"NA",2.70805020110221,15,0.78918943488194
"191","50-64 years","upper",0,"NA",2.70805020110221,15,0.615491654097068
"192","50-64 years","upper",1,"NA",2.70805020110221,15,0.821046406826785
"193","18-49 years","lower",0,"NA",2.77258872223978,16,0.197484334325638
"194","18-49 years","lower",1,"NA",2.77258872223978,16,0.740644484434343
"195","18-49 years","mean",0,"NA",2.77258872223978,16,0.42743053144057
"196","18-49 years","mean",1,"NA",2.77258872223978,16,0.784873653208185
"197","18-49 years","upper",0,"NA",2.77258872223978,16,0.601899341588662
"198","18-49 years","upper",1,"NA",2.77258872223978,16,0.818431983576895
"199","50-64 years","lower",0,"NA",2.77258872223978,16,0.217740031715771
"200","50-64 years","lower",1,"NA",2.77258872223978,16,0.74454058130283
"201","50-64 years","mean",0,"NA",2.77258872223978,16,0.440760411600704
"202","50-64 years","mean",1,"NA",2.77258872223978,16,0.787437598716895
"203","50-64 years","upper",0,"NA",2.77258872223978,16,0.609974344274926
"204","50-64 years","upper",1,"NA",2.77258872223978,16,0.81998517585031
"205","18-49 years","lower",0,"NA",2.83321334405622,17,0.183798402352077
"206","18-49 years","lower",1,"NA",2.83321334405622,17,0.738012053880236
"207","18-49 years","mean",0,"NA",2.83321334405622,17,0.418424086015681
"208","18-49 years","mean",1,"NA",2.83321334405622,17,0.783141301902759
"209","18-49 years","upper",0,"NA",2.83321334405622,17,0.596443398239885
"210","18-49 years","upper",1,"NA",2.83321334405622,17,0.817382556179438
"211","50-64 years","lower",0,"NA",2.83321334405622,17,0.204466310357825
"212","50-64 years","lower",1,"NA",2.83321334405622,17,0.741987437699833
"213","50-64 years","mean",0,"NA",2.83321334405622,17,0.432025233957962
"214","50-64 years","mean",1,"NA",2.83321334405622,17,0.785757424610614
"215","50-64 years","upper",0,"NA",2.83321334405622,17,0.604682730090645
"216","50-64 years","upper",1,"NA",2.83321334405622,17,0.818967356465693
"217","18-49 years","lower",0,"NA",2.89037175789616,18,0.17063997806281
"218","18-49 years","lower",1,"NA",2.89037175789616,18,0.735481087175895
"219","18-49 years","mean",0,"NA",2.89037175789616,18,0.409764783129493
"220","18-49 years","mean",1,"NA",2.89037175789616,18,0.781475721981793
"221","18-49 years","upper",0,"NA",2.89037175789616,18,0.59119774762434
"222","18-49 years","upper",1,"NA",2.89037175789616,18,0.816373577690928
"223","50-64 years","lower",0,"NA",2.89037175789616,18,0.191704208524879
"224","50-64 years","lower",1,"NA",2.89037175789616,18,0.739532701927029
"225","50-64 years","mean",0,"NA",2.89037175789616,18,0.423626743165566
"226","50-64 years","mean",1,"NA",2.89037175789616,18,0.7841420107818
"227","50-64 years","upper",0,"NA",2.89037175789616,18,0.599595074770832
"228","50-64 years","upper",1,"NA",2.89037175789616,18,0.817988767697422
"229","18-49 years","lower",0,"NA",2.94443897916644,19,0.157961033628035
"230","18-49 years","lower",1,"NA",2.94443897916644,19,0.733042346373413
"231","18-49 years","mean",0,"NA",2.94443897916644,19,0.401421016602112
"232","18-49 years","mean",1,"NA",2.94443897916644,19,0.779870834131595
"233","18-49 years","upper",0,"NA",2.94443897916644,19,0.586143243284258
"234","18-49 years","upper",1,"NA",2.94443897916644,19,0.815401365372001
"235","50-64 years","lower",0,"NA",2.94443897916644,19,0.17940714495148
"236","50-64 years","lower",1,"NA",2.94443897916644,19,0.737167414276985
"237","50-64 years","mean",0,"NA",2.94443897916644,19,0.41553428499946
"238","50-64 years","mean",1,"NA",2.94443897916644,19,0.782585461021401
"239","50-64 years","upper",0,"NA",2.94443897916644,19,0.59469280853552
"240","50-64 years","upper",1,"NA",2.94443897916644,19,0.817045837727645
"241","18-49 years","lower",0,"NA",2.99573227355399,20,0.145720175907565
"242","18-49 years","lower",1,"NA",2.99573227355399,20,0.73068786967909
"243","18-49 years","mean",0,"NA",2.99573227355399,20,0.393365546413729
"244","18-49 years","mean",1,"NA",2.99573227355399,20,0.778321398850713
"245","18-49 years","upper",0,"NA",2.99573227355399,20,0.58126338370346
"246","18-49 years","upper",1,"NA",2.99573227355399,20,0.814462745226507
"247","50-64 years","lower",0,"NA",2.99573227355399,20,0.167534973229622
"248","50-64 years","lower",1,"NA",2.99573227355399,20,0.734883852759611
"249","50-64 years","mean",0,"NA",2.99573227355399,20,0.407721439890015
"250","50-64 years","mean",1,"NA",2.99573227355399,20,0.781082693638052
"251","50-64 years","upper",0,"NA",2.99573227355399,20,0.589959926882553
"252","50-64 years","upper",1,"NA",2.99573227355399,20,0.816135488158737
"253","18-49 years","lower",0,"NA",3.04452243772342,21,0.13388144806766
"254","18-49 years","lower",1,"NA",3.04452243772342,21,0.728410740949551
"255","18-49 years","mean",0,"NA",3.04452243772342,21,0.385574710071988
"256","18-49 years","mean",1,"NA",3.04452243772342,21,0.776822864759818
"257","18-49 years","upper",0,"NA",3.04452243772342,21,0.57654383456783
"258","18-49 years","upper",1,"NA",3.04452243772342,21,0.813554960110357
"259","50-64 years","lower",0,"NA",3.04452243772342,21,0.15605281952003
"260","50-64 years","lower",1,"NA",3.04452243772342,21,0.73267530954089
"261","50-64 years","mean",0,"NA",3.04452243772342,21,0.40016525804245
"262","50-64 years","mean",1,"NA",3.04452243772342,21,0.779629294336759
"263","50-64 years","upper",0,"NA",3.04452243772342,21,0.585382527237245
"264","50-64 years","upper",1,"NA",3.04452243772342,21,0.815255044889843
"265","18-49 years","lower",0,"NA",3.09104245335832,22,0.122413393805983
"266","18-49 years","lower",1,"NA",3.09104245335832,22,0.726204909699409
"267","18-49 years","mean",0,"NA",3.09104245335832,22,0.378027806796639
"268","18-49 years","mean",1,"NA",3.09104245335832,22,0.775371250152257
"269","18-49 years","upper",0,"NA",3.09104245335832,22,0.571972055715408
"270","18-49 years","upper",1,"NA",3.09104245335832,22,0.812675597976965
"271","50-64 years","lower",0,"NA",3.09104245335832,22,0.144930174961999
"272","50-64 years","lower",1,"NA",3.09104245335832,22,0.730535916371789
"273","50-64 years","mean",0,"NA",3.09104245335832,22,0.392845662169413
"274","50-64 years","mean",1,"NA",3.09104245335832,22,0.778221401337063
"275","50-64 years","upper",0,"NA",3.09104245335832,22,0.580948447138467
"276","50-64 years","upper",1,"NA",3.09104245335832,22,0.814402168523518
"277","18-49 years","lower",0,"NA",3.13549421592915,23,0.111288317427742
"278","18-49 years","lower",1,"NA",3.13549421592915,23,0.724065048780078
"279","18-49 years","mean",0,"NA",3.13549421592915,23,0.370706610590058
"280","18-49 years","mean",1,"NA",3.13549421592915,23,0.773963049335239
"281","18-49 years","upper",0,"NA",3.13549421592915,23,0.567537006163229
"282","18-49 years","upper",1,"NA",3.13549421592915,23,0.811822535140419
"283","50-64 years","lower",0,"NA",3.13549421592915,23,0.134140178035526
"284","50-64 years","lower",1,"NA",3.13549421592915,23,0.728460506553675
"285","50-64 years","mean",0,"NA",3.13549421592915,23,0.385744975227468
"286","50-64 years","mean",1,"NA",3.13549421592915,23,0.776855614535168
"287","50-64 years","upper",0,"NA",3.13549421592915,23,0.57664697814987
"288","50-64 years","upper",1,"NA",3.13549421592915,23,0.813574799337773
"289","18-49 years","lower",0,"NA",3.17805383034795,24,0.100481692127279
"290","18-49 years","lower",1,"NA",3.17805383034795,24,0.721986440565257
"291","18-49 years","mean",0,"NA",3.17805383034795,24,0.363594980838875
"292","18-49 years","mean",1,"NA",3.17805383034795,24,0.772595157730731
"293","18-49 years","upper",0,"NA",3.17805383034795,24,0.563228908216762
"294","18-49 years","upper",1,"NA",3.17805383034795,24,0.810993890902944
"295","50-64 years","lower",0,"NA",3.17805383034795,24,0.123659040665037
"296","50-64 years","lower",1,"NA",3.17805383034795,24,0.726444504551827
"297","50-64 years","mean",0,"NA",3.17805383034795,24,0.378847542747134
"298","50-64 years","mean",1,"NA",3.17805383034795,24,0.77552892286074
"299","50-64 years","upper",0,"NA",3.17805383034795,24,0.572468637074187
"300","50-64 years","upper",1,"NA",3.17805383034795,24,0.812771113280122
"301","65-74 years","lower",0,"NA",-0.693147180559945,0.5,0.677481921727058
"302","65-74 years","lower",1,"NA",-0.693147180559945,0.5,0.832969970006967
"303","65-74 years","mean",0,"NA",-0.693147180559945,0.5,0.743307600197087
"304","65-74 years","mean",1,"NA",-0.693147180559945,0.5,0.845631258078839
"305","65-74 years","upper",0,"NA",-0.693147180559945,0.5,0.793252013037785
"306","65-74 years","upper",1,"NA",-0.693147180559945,0.5,0.855237852545534
"307","65-74 years","lower",0,"NA",0,1,0.627614730281471
"308","65-74 years","lower",1,"NA",0,1,0.823378228745763
"309","65-74 years","mean",0,"NA",0,1,0.710490972208957
"310","65-74 years","mean",1,"NA",0,1,0.839319119865264
"311","65-74 years","upper",0,"NA",0,1,0.773372287490752
"312","65-74 years","upper",1,"NA",0,1,0.85141407225506
"313","65-74 years","lower",0,"NA",0.693147180559945,2,0.564830638745362
"314","65-74 years","lower",1,"NA",0.693147180559945,2,0.811301976928147
"315","65-74 years","mean",0,"NA",0.693147180559945,2,0.669173983708385
"316","65-74 years","mean",1,"NA",0.693147180559945,2,0.831371973617373
"317","65-74 years","upper",0,"NA",0.693147180559945,2,0.748343195771811
"318","65-74 years","upper",1,"NA",0.693147180559945,2,0.846599833377521
"319","65-74 years","lower",0,"NA",1.09861228866811,3,0.520813471754907
"320","65-74 years","lower",1,"NA",1.09861228866811,3,0.802835462881846
"321","65-74 years","mean",0,"NA",1.09861228866811,3,0.640207142939072
"322","65-74 years","mean",1,"NA",1.09861228866811,3,0.825800325530536
"323","65-74 years","upper",0,"NA",1.09861228866811,3,0.73079560237901
"324","65-74 years","upper",1,"NA",1.09861228866811,3,0.843224628744947
"325","65-74 years","lower",0,"NA",1.38629436111989,4,0.485783833907442
"326","65-74 years","lower",1,"NA",1.38629436111989,4,0.79609766167495
"327","65-74 years","mean",0,"NA",1.38629436111989,4,0.617154820149779
"328","65-74 years","mean",1,"NA",1.38629436111989,4,0.821366309712622
"329","65-74 years","upper",0,"NA",1.38629436111989,4,0.716830918059874
"330","65-74 years","upper",1,"NA",1.38629436111989,4,0.840538581367892
"331","65-74 years","lower",0,"NA",1.6094379124341,5,0.456210357030206
"332","65-74 years","lower",1,"NA",1.6094379124341,5,0.790409329724068
"333","65-74 years","mean",0,"NA",1.6094379124341,5,0.597693090686735
"334","65-74 years","mean",1,"NA",1.6094379124341,5,0.817622929183387
"335","65-74 years","upper",0,"NA",1.6094379124341,5,0.705041350876559
"336","65-74 years","upper",1,"NA",1.6094379124341,5,0.838270908480652
"337","65-74 years","lower",0,"NA",1.79175946922805,6,0.430365075373498
"338","65-74 years","lower",1,"NA",1.79175946922805,6,0.785438100198447
"339","65-74 years","mean",0,"NA",1.79175946922805,6,0.580684813926211
"340","65-74 years","mean",1,"NA",1.79175946922805,6,0.81435145980128
"341","65-74 years","upper",0,"NA",1.79175946922805,6,0.694738041403401
"342","65-74 years","upper",1,"NA",1.79175946922805,6,0.836289110915243
"343","65-74 years","lower",0,"NA",1.94591014905531,7,0.407257758602609
"344","65-74 years","lower",1,"NA",1.94591014905531,7,0.780993506523087
"345","65-74 years","mean",0,"NA",1.94591014905531,7,0.565478338560508
"346","65-74 years","mean",1,"NA",1.94591014905531,7,0.811426559220868
"347","65-74 years","upper",0,"NA",1.94591014905531,7,0.685526230948127
"348","65-74 years","upper",1,"NA",1.94591014905531,7,0.834517258523462
"349","65-74 years","lower",0,"NA",2.07944154167984,8,0.386261849879202
"350","65-74 years","lower",1,"NA",2.07944154167984,8,0.77695503316654
"351","65-74 years","mean",0,"NA",2.07944154167984,8,0.551661339730714
"352","65-74 years","mean",1,"NA",2.07944154167984,8,0.808768918516832
"353","65-74 years","upper",0,"NA",2.07944154167984,8,0.677156140495222
"354","65-74 years","upper",1,"NA",2.07944154167984,8,0.832907307378635
"355","65-74 years","lower",0,"NA",2.19722457733622,9,0.36695279894915
"356","65-74 years","lower",1,"NA",2.19722457733622,9,0.773241019700942
"357","65-74 years","mean",0,"NA",2.19722457733622,9,0.538954429178778
"358","65-74 years","mean",1,"NA",2.19722457733622,9,0.806324798551174
"359","65-74 years","upper",0,"NA",2.19722457733622,9,0.669458521641312
"360","65-74 years","upper",1,"NA",2.19722457733622,9,0.831426703273336
"361","65-74 years","lower",0,"NA",2.30258509299405,10,0.349028073011551
"362","65-74 years","lower",1,"NA",2.30258509299405,10,0.769793275234341
"363","65-74 years","mean",0,"NA",2.30258509299405,10,0.527158515957453
"364","65-74 years","mean",1,"NA",2.30258509299405,10,0.804055905030631
"365","65-74 years","upper",0,"NA",2.30258509299405,10,0.662312768655924
"366","65-74 years","upper",1,"NA",2.30258509299405,10,0.830052248210489
"367","65-74 years","lower",0,"NA",2.39789527279837,11,0.332263586718459
"368","65-74 years","lower",1,"NA",2.39789527279837,11,0.766568697907266
"369","65-74 years","mean",0,"NA",2.39789527279837,11,0.516126133861244
"370","65-74 years","mean",1,"NA",2.39789527279837,11,0.801933873460494
"371","65-74 years","upper",0,"NA",2.39789527279837,11,0.655629549152629
"372","65-74 years","upper",1,"NA",2.39789527279837,11,0.82876675948716
"373","65-74 years","lower",0,"NA",2.484906649788,12,0.31648819093133
"374","65-74 years","lower",1,"NA",2.484906649788,12,0.763534367914001
"375","65-74 years","mean",0,"NA",2.484906649788,12,0.505744652973623
"376","65-74 years","mean",1,"NA",2.484906649788,12,0.799937039957431
"377","65-74 years","upper",0,"NA",2.484906649788,12,0.649340633945
"378","65-74 years","upper",1,"NA",2.484906649788,12,0.827557113510785
"379","65-74 years","lower",0,"NA",2.56494935746154,13,0.301567866908526
"380","65-74 years","lower",1,"NA",2.56494935746154,13,0.760664507322068
"381","65-74 years","mean",0,"NA",2.56494935746154,13,0.495925878169491
"382","65-74 years","mean",1,"NA",2.56494935746154,13,0.798048440565865
"383","65-74 years","upper",0,"NA",2.56494935746154,13,0.64339259600567
"384","65-74 years","upper",1,"NA",2.56494935746154,13,0.826413033820873
"385","65-74 years","lower",0,"NA",2.63905732961526,14,0.287395477882102
"386","65-74 years","lower",1,"NA",2.63905732961526,14,0.7579385088318
"387","65-74 years","mean",0,"NA",2.63905732961526,14,0.486599304827364
"388","65-74 years","mean",1,"NA",2.63905732961526,14,0.79625451402302
"389","65-74 years","upper",0,"NA",2.63905732961526,14,0.637742724897559
"390","65-74 years","upper",1,"NA",2.63905732961526,14,0.825326305247292
"391","65-74 years","lower",0,"NA",2.70805020110221,15,0.273883870417585
"392","65-74 years","lower",1,"NA",2.70805020110221,15,0.755339608852361
"393","65-74 years","mean",0,"NA",2.70805020110221,15,0.477707578968519
"394","65-74 years","mean",1,"NA",2.70805020110221,15,0.794544228536085
"395","65-74 years","upper",0,"NA",2.70805020110221,15,0.632356276607466
"396","65-74 years","upper",1,"NA",2.70805020110221,15,0.824290244927516
"397","65-74 years","lower",0,"NA",2.77258872223978,16,0.260961082501874
"398","65-74 years","lower",1,"NA",2.77258872223978,16,0.752853965797926
"399","65-74 years","mean",0,"NA",2.77258872223978,16,0.46920334379293
"400","65-74 years","mean",1,"NA",2.77258872223978,16,0.792908475226864
"401","65-74 years","upper",0,"NA",2.77258872223978,16,0.627204563234012
"402","65-74 years","upper",1,"NA",2.77258872223978,16,0.823299334866259
"403","65-74 years","lower",0,"NA",2.83321334405622,17,0.248566924834525
"404","65-74 years","lower",1,"NA",2.83321334405622,17,0.750470002513659
"405","65-74 years","mean",0,"NA",2.83321334405622,17,0.461046989893605
"406","65-74 years","mean",1,"NA",2.83321334405622,17,0.791339635395118
"407","65-74 years","upper",0,"NA",2.83321334405622,17,0.622263590107775
"408","65-74 years","upper",1,"NA",2.83321334405622,17,0.822348959791353
"409","65-74 years","lower",0,"NA",2.89037175789616,18,0.236650484974228
"410","65-74 years","lower",1,"NA",2.89037175789616,18,0.748177926208952
"411","65-74 years","mean",0,"NA",2.89037175789616,18,0.453205012783965
"412","65-74 years","mean",1,"NA",2.89037175789616,18,0.789831264595972
"413","65-74 years","upper",0,"NA",2.89037175789616,18,0.617513060810794
"414","65-74 years","upper",1,"NA",2.89037175789616,18,0.821435215773503
"415","65-74 years","lower",0,"NA",2.94443897916644,19,0.225168268294812
"416","65-74 years","lower",1,"NA",2.94443897916644,19,0.745969370878255
"417","65-74 years","mean",0,"NA",2.94443897916644,19,0.445648789497185
"418","65-74 years","mean",1,"NA",2.94443897916644,19,0.788377857324023
"419","65-74 years","upper",0,"NA",2.94443897916644,19,0.612935636062351
"420","65-74 years","upper",1,"NA",2.94443897916644,19,0.820554767676128
"421","65-74 years","lower",0,"NA",2.99573227355399,20,0.214082788631155
"422","65-74 years","lower",1,"NA",2.99573227355399,20,0.743837126217832
"423","65-74 years","mean",0,"NA",2.99573227355399,20,0.438353651117693
"424","65-74 years","mean",1,"NA",2.99573227355399,20,0.786974668618737
"425","65-74 years","upper",0,"NA",2.99573227355399,20,0.608516371875172
"426","65-74 years","upper",1,"NA",2.99573227355399,20,0.819704741087111
"427","65-74 years","lower",0,"NA",3.04452243772342,21,0.203361483007828
"428","65-74 years","lower",1,"NA",3.04452243772342,21,0.741774928878456
"429","65-74 years","mean",0,"NA",3.04452243772342,21,0.431298168585221
"430","65-74 years","mean",1,"NA",3.04452243772342,21,0.785617576691909
"431","65-74 years","upper",0,"NA",3.04452243772342,21,0.604242286908302
"432","65-74 years","upper",1,"NA",3.04452243772342,21,0.818882639100972
"433","65-74 years","lower",0,"NA",3.09104245335832,22,0.192975864189063
"434","65-74 years","lower",1,"NA",3.09104245335832,22,0.739777299462013
"435","65-74 years","mean",0,"NA",3.09104245335832,22,0.424463595004436
"436","65-74 years","mean",1,"NA",3.09104245335832,22,0.7843029756583
"437","65-74 years","upper",0,"NA",3.09104245335832,22,0.600102024628273
"438","65-74 years","upper",1,"NA",3.09104245335832,22,0.818086277337007
"439","65-74 years","lower",0,"NA",3.13549421592915,23,0.18290085059411
"440","65-74 years","lower",1,"NA",3.13549421592915,23,0.737839413633586
"441","65-74 years","mean",0,"NA",3.13549421592915,23,0.417833424675279
"442","65-74 years","mean",1,"NA",3.13549421592915,23,0.78302769071701
"443","65-74 years","upper",0,"NA",3.13549421592915,23,0.596085586177577
"444","65-74 years","upper",1,"NA",3.13549421592915,23,0.817313732557687
"445","65-74 years","lower",0,"NA",3.17805383034795,24,0.173114230429356
"446","65-74 years","lower",1,"NA",3.17805383034795,24,0.735956999049551
"447","65-74 years","mean",0,"NA",3.17805383034795,24,0.411393040448742
"448","65-74 years","mean",1,"NA",3.17805383034795,24,0.781788910321866
"449","65-74 years","upper",0,"NA",3.17805383034795,24,0.592184116749112
"450","65-74 years","upper",1,"NA",3.17805383034795,24,0.816563301578691
"451","75+ years","lower",0,"NA",-0.693147180559945,0.5,0.677481921727058
"452","75+ years","lower",1,"NA",-0.693147180559945,0.5,0.832969970006967
"453","75+ years","mean",0,"NA",-0.693147180559945,0.5,0.743307600197087
"454","75+ years","mean",1,"NA",-0.693147180559945,0.5,0.845631258078839
"455","75+ years","upper",0,"NA",-0.693147180559945,0.5,0.793252013037785
"456","75+ years","upper",1,"NA",-0.693147180559945,0.5,0.855237852545534
"457","75+ years","lower",0,"NA",0,1,0.627614730281471
"458","75+ years","lower",1,"NA",0,1,0.823378228745763
"459","75+ years","mean",0,"NA",0,1,0.710490972208957
"460","75+ years","mean",1,"NA",0,1,0.839319119865264
"461","75+ years","upper",0,"NA",0,1,0.773372287490752
"462","75+ years","upper",1,"NA",0,1,0.85141407225506
"463","75+ years","lower",0,"NA",0.693147180559945,2,0.564830638745362
"464","75+ years","lower",1,"NA",0.693147180559945,2,0.811301976928147
"465","75+ years","mean",0,"NA",0.693147180559945,2,0.669173983708385
"466","75+ years","mean",1,"NA",0.693147180559945,2,0.831371973617373
"467","75+ years","upper",0,"NA",0.693147180559945,2,0.748343195771811
"468","75+ years","upper",1,"NA",0.693147180559945,2,0.846599833377521
"469","75+ years","lower",0,"NA",1.09861228866811,3,0.520813471754907
"470","75+ years","lower",1,"NA",1.09861228866811,3,0.802835462881846
"471","75+ years","mean",0,"NA",1.09861228866811,3,0.640207142939072
"472","75+ years","mean",1,"NA",1.09861228866811,3,0.825800325530536
"473","75+ years","upper",0,"NA",1.09861228866811,3,0.73079560237901
"474","75+ years","upper",1,"NA",1.09861228866811,3,0.843224628744947
"475","75+ years","lower",0,"NA",1.38629436111989,4,0.485783833907442
"476","75+ years","lower",1,"NA",1.38629436111989,4,0.79609766167495
"477","75+ years","mean",0,"NA",1.38629436111989,4,0.617154820149779
"478","75+ years","mean",1,"NA",1.38629436111989,4,0.821366309712622
"479","75+ years","upper",0,"NA",1.38629436111989,4,0.716830918059874
"480","75+ years","upper",1,"NA",1.38629436111989,4,0.840538581367892
"481","75+ years","lower",0,"NA",1.6094379124341,5,0.456210357030206
"482","75+ years","lower",1,"NA",1.6094379124341,5,0.790409329724068
"483","75+ years","mean",0,"NA",1.6094379124341,5,0.597693090686735
"484","75+ years","mean",1,"NA",1.6094379124341,5,0.817622929183387
"485","75+ years","upper",0,"NA",1.6094379124341,5,0.705041350876559
"486","75+ years","upper",1,"NA",1.6094379124341,5,0.838270908480652
"487","75+ years","lower",0,"NA",1.79175946922805,6,0.430365075373498
"488","75+ years","lower",1,"NA",1.79175946922805,6,0.785438100198447
"489","75+ years","mean",0,"NA",1.79175946922805,6,0.580684813926211
"490","75+ years","mean",1,"NA",1.79175946922805,6,0.81435145980128
"491","75+ years","upper",0,"NA",1.79175946922805,6,0.694738041403401
"492","75+ years","upper",1,"NA",1.79175946922805,6,0.836289110915243
"493","75+ years","lower",0,"NA",1.94591014905531,7,0.407257758602609
"494","75+ years","lower",1,"NA",1.94591014905531,7,0.780993506523087
"495","75+ years","mean",0,"NA",1.94591014905531,7,0.565478338560508
"496","75+ years","mean",1,"NA",1.94591014905531,7,0.811426559220868
"497","75+ years","upper",0,"NA",1.94591014905531,7,0.685526230948127
"498","75+ years","upper",1,"NA",1.94591014905531,7,0.834517258523462
"499","75+ years","lower",0,"NA",2.07944154167984,8,0.386261849879202
"500","75+ years","lower",1,"NA",2.07944154167984,8,0.77695503316654
"501","75+ years","mean",0,"NA",2.07944154167984,8,0.551661339730714
"502","75+ years","mean",1,"NA",2.07944154167984,8,0.808768918516832
"503","75+ years","upper",0,"NA",2.07944154167984,8,0.677156140495222
"504","75+ years","upper",1,"NA",2.07944154167984,8,0.832907307378635
"505","75+ years","lower",0,"NA",2.19722457733622,9,0.36695279894915
"506","75+ years","lower",1,"NA",2.19722457733622,9,0.773241019700942
"507","75+ years","mean",0,"NA",2.19722457733622,9,0.538954429178778
"508","75+ years","mean",1,"NA",2.19722457733622,9,0.806324798551174
"509","75+ years","upper",0,"NA",2.19722457733622,9,0.669458521641312
"510","75+ years","upper",1,"NA",2.19722457733622,9,0.831426703273336
"511","75+ years","lower",0,"NA",2.30258509299405,10,0.349028073011551
"512","75+ years","lower",1,"NA",2.30258509299405,10,0.769793275234341
"513","75+ years","mean",0,"NA",2.30258509299405,10,0.527158515957453
"514","75+ years","mean",1,"NA",2.30258509299405,10,0.804055905030631
"515","75+ years","upper",0,"NA",2.30258509299405,10,0.662312768655924
"516","75+ years","upper",1,"NA",2.30258509299405,10,0.830052248210489
"517","75+ years","lower",0,"NA",2.39789527279837,11,0.332263586718459
"518","75+ years","lower",1,"NA",2.39789527279837,11,0.766568697907266
"519","75+ years","mean",0,"NA",2.39789527279837,11,0.516126133861244
"520","75+ years","mean",1,"NA",2.39789527279837,11,0.801933873460494
"521","75+ years","upper",0,"NA",2.39789527279837,11,0.655629549152629
"522","75+ years","upper",1,"NA",2.39789527279837,11,0.82876675948716
"523","75+ years","lower",0,"NA",2.484906649788,12,0.31648819093133
"524","75+ years","lower",1,"NA",2.484906649788,12,0.763534367914001
"525","75+ years","mean",0,"NA",2.484906649788,12,0.505744652973623
"526","75+ years","mean",1,"NA",2.484906649788,12,0.799937039957431
"527","75+ years","upper",0,"NA",2.484906649788,12,0.649340633945
"528","75+ years","upper",1,"NA",2.484906649788,12,0.827557113510785
"529","75+ years","lower",0,"NA",2.56494935746154,13,0.301567866908526
"530","75+ years","lower",1,"NA",2.56494935746154,13,0.760664507322068
"531","75+ years","mean",0,"NA",2.56494935746154,13,0.495925878169491
"532","75+ years","mean",1,"NA",2.56494935746154,13,0.798048440565865
"533","75+ years","upper",0,"NA",2.56494935746154,13,0.64339259600567
"534","75+ years","upper",1,"NA",2.56494935746154,13,0.826413033820873
"535","75+ years","lower",0,"NA",2.63905732961526,14,0.287395477882102
"536","75+ years","lower",1,"NA",2.63905732961526,14,0.7579385088318
"537","75+ years","mean",0,"NA",2.63905732961526,14,0.486599304827364
"538","75+ years","mean",1,"NA",2.63905732961526,14,0.79625451402302
"539","75+ years","upper",0,"NA",2.63905732961526,14,0.637742724897559
"540","75+ years","upper",1,"NA",2.63905732961526,14,0.825326305247292
"541","75+ years","lower",0,"NA",2.70805020110221,15,0.273883870417585
"542","75+ years","lower",1,"NA",2.70805020110221,15,0.755339608852361
"543","75+ years","mean",0,"NA",2.70805020110221,15,0.477707578968519
"544","75+ years","mean",1,"NA",2.70805020110221,15,0.794544228536085
"545","75+ years","upper",0,"NA",2.70805020110221,15,0.632356276607466
"546","75+ years","upper",1,"NA",2.70805020110221,15,0.824290244927516
"547","75+ years","lower",0,"NA",2.77258872223978,16,0.260961082501874
"548","75+ years","lower",1,"NA",2.77258872223978,16,0.752853965797926
"549","75+ years","mean",0,"NA",2.77258872223978,16,0.46920334379293
"550","75+ years","mean",1,"NA",2.77258872223978,16,0.792908475226864
"551","75+ years","upper",0,"NA",2.77258872223978,16,0.627204563234012
"552","75+ years","upper",1,"NA",2.77258872223978,16,0.823299334866259
"553","75+ years","lower",0,"NA",2.83321334405622,17,0.248566924834525
"554","75+ years","lower",1,"NA",2.83321334405622,17,0.750470002513659
"555","75+ years","mean",0,"NA",2.83321334405622,17,0.461046989893605
"556","75+ years","mean",1,"NA",2.83321334405622,17,0.791339635395118
"557","75+ years","upper",0,"NA",2.83321334405622,17,0.622263590107775
"558","75+ years","upper",1,"NA",2.83321334405622,17,0.822348959791353
"559","75+ years","lower",0,"NA",2.89037175789616,18,0.236650484974228
"560","75+ years","lower",1,"NA",2.89037175789616,18,0.748177926208952
"561","75+ years","mean",0,"NA",2.89037175789616,18,0.453205012783965
"562","75+ years","mean",1,"NA",2.89037175789616,18,0.789831264595972
"563","75+ years","upper",0,"NA",2.89037175789616,18,0.617513060810794
"564","75+ years","upper",1,"NA",2.89037175789616,18,0.821435215773503
"565","75+ years","lower",0,"NA",2.94443897916644,19,0.225168268294812
"566","75+ years","lower",1,"NA",2.94443897916644,19,0.745969370878255
"567","75+ years","mean",0,"NA",2.94443897916644,19,0.445648789497185
"568","75+ years","mean",1,"NA",2.94443897916644,19,0.788377857324023
"569","75+ years","upper",0,"NA",2.94443897916644,19,0.612935636062351
"570","75+ years","upper",1,"NA",2.94443897916644,19,0.820554767676128
"571","75+ years","lower",0,"NA",2.99573227355399,20,0.214082788631155
"572","75+ years","lower",1,"NA",2.99573227355399,20,0.743837126217832
"573","75+ years","mean",0,"NA",2.99573227355399,20,0.438353651117693
"574","75+ years","mean",1,"NA",2.99573227355399,20,0.786974668618737
"575","75+ years","upper",0,"NA",2.99573227355399,20,0.608516371875172
"576","75+ years","upper",1,"NA",2.99573227355399,20,0.819704741087111
"577","75+ years","lower",0,"NA",3.04452243772342,21,0.203361483007828
"578","75+ years","lower",1,"NA",3.04452243772342,21,0.741774928878456
"579","75+ years","mean",0,"NA",3.04452243772342,21,0.431298168585221
"580","75+ years","mean",1,"NA",3.04452243772342,21,0.785617576691909
"581","75+ years","upper",0,"NA",3.04452243772342,21,0.604242286908302
"582","75+ years","upper",1,"NA",3.04452243772342,21,0.818882639100972
"583","75+ years","lower",0,"NA",3.09104245335832,22,0.192975864189063
"584","75+ years","lower",1,"NA",3.09104245335832,22,0.739777299462013
"585","75+ years","mean",0,"NA",3.09104245335832,22,0.424463595004436
"586","75+ years","mean",1,"NA",3.09104245335832,22,0.7843029756583
"587","75+ years","upper",0,"NA",3.09104245335832,22,0.600102024628273
"588","75+ years","upper",1,"NA",3.09104245335832,22,0.818086277337007
"589","75+ years","lower",0,"NA",3.13549421592915,23,0.18290085059411
"590","75+ years","lower",1,"NA",3.13549421592915,23,0.737839413633586
"591","75+ years","mean",0,"NA",3.13549421592915,23,0.417833424675279
"592","75+ years","mean",1,"NA",3.13549421592915,23,0.78302769071701
"593","75+ years","upper",0,"NA",3.13549421592915,23,0.596085586177577
"594","75+ years","upper",1,"NA",3.13549421592915,23,0.817313732557687
"595","75+ years","lower",0,"NA",3.17805383034795,24,0.173114230429356
"596","75+ years","lower",1,"NA",3.17805383034795,24,0.735956999049551
"597","75+ years","mean",0,"NA",3.17805383034795,24,0.411393040448742
"598","75+ years","mean",1,"NA",3.17805383034795,24,0.781788910321866
"599","75+ years","upper",0,"NA",3.17805383034795,24,0.592184116749112
"600","75+ years","upper",1,"NA",3.17805383034795,24,0.816563301578691
